-- MySQL dump 10.13  Distrib 5.7.22, for Linux (x86_64)
--
-- Host: localhost    Database: agromax
-- ------------------------------------------------------
-- Server version	5.7.22-0ubuntu0.17.10.1

/*!40101 SET @OLD_CHARACTER_SET_CLIENT=@@CHARACTER_SET_CLIENT */;
/*!40101 SET @OLD_CHARACTER_SET_RESULTS=@@CHARACTER_SET_RESULTS */;
/*!40101 SET @OLD_COLLATION_CONNECTION=@@COLLATION_CONNECTION */;
/*!40101 SET NAMES utf8 */;
/*!40103 SET @OLD_TIME_ZONE=@@TIME_ZONE */;
/*!40103 SET TIME_ZONE='+00:00' */;
/*!40014 SET @OLD_UNIQUE_CHECKS=@@UNIQUE_CHECKS, UNIQUE_CHECKS=0 */;
/*!40014 SET @OLD_FOREIGN_KEY_CHECKS=@@FOREIGN_KEY_CHECKS, FOREIGN_KEY_CHECKS=0 */;
/*!40101 SET @OLD_SQL_MODE=@@SQL_MODE, SQL_MODE='NO_AUTO_VALUE_ON_ZERO' */;
/*!40111 SET @OLD_SQL_NOTES=@@SQL_NOTES, SQL_NOTES=0 */;

--
-- Table structure for table `categories`
--

DROP TABLE IF EXISTS `categories`;
/*!40101 SET @saved_cs_client     = @@character_set_client */;
/*!40101 SET character_set_client = utf8 */;
CREATE TABLE `categories` (
  `id` int(10) unsigned NOT NULL AUTO_INCREMENT,
  `name` varchar(100) COLLATE utf8mb4_unicode_ci NOT NULL,
  `photo` varchar(100) COLLATE utf8mb4_unicode_ci NOT NULL,
  `created_at` timestamp NULL DEFAULT NULL,
  `updated_at` timestamp NULL DEFAULT NULL,
  PRIMARY KEY (`id`)
) ENGINE=InnoDB AUTO_INCREMENT=15 DEFAULT CHARSET=utf8mb4 COLLATE=utf8mb4_unicode_ci;
/*!40101 SET character_set_client = @saved_cs_client */;

--
-- Dumping data for table `categories`
--

LOCK TABLES `categories` WRITE;
/*!40000 ALTER TABLE `categories` DISABLE KEYS */;
INSERT INTO `categories` VALUES (1,'sorghum','images/products/sorghum.jpg',NULL,NULL),(2,'beans','images/products/beans.jpg',NULL,NULL),(3,'barley','images/products/barley.jpg',NULL,NULL),(4,'mustard','images/products/mustard.jpg',NULL,NULL),(5,'chickpea','images/products/chickpea.jpg',NULL,NULL),(6,'linen(grain)','images/products/linen.jpg',NULL,NULL),(7,'red & green lentils','images/products/redLentils.jpg',NULL,NULL),(8,'coriander','images/products/coriander.jpg',NULL,NULL),(9,'millet','images/products/millet.jpg',NULL,NULL),(10,'lupine','images/products/lupine.jpg',NULL,NULL),(11,'spelt','images/products/spelt.jpg',NULL,NULL),(12,'safflower','images/products/safflower.jpg',NULL,NULL),(13,'corn','images/products/corn.jpg',NULL,NULL),(14,'wheat common','images/products/wheat-common.jpg',NULL,NULL);
/*!40000 ALTER TABLE `categories` ENABLE KEYS */;
UNLOCK TABLES;

--
-- Table structure for table `deliveries`
--

DROP TABLE IF EXISTS `deliveries`;
/*!40101 SET @saved_cs_client     = @@character_set_client */;
/*!40101 SET character_set_client = utf8 */;
CREATE TABLE `deliveries` (
  `id` int(10) unsigned NOT NULL AUTO_INCREMENT,
  `name` varchar(100) COLLATE utf8mb4_unicode_ci NOT NULL,
  `created_at` timestamp NULL DEFAULT NULL,
  `updated_at` timestamp NULL DEFAULT NULL,
  PRIMARY KEY (`id`)
) ENGINE=InnoDB AUTO_INCREMENT=4 DEFAULT CHARSET=utf8mb4 COLLATE=utf8mb4_unicode_ci;
/*!40101 SET character_set_client = @saved_cs_client */;

--
-- Dumping data for table `deliveries`
--

LOCK TABLES `deliveries` WRITE;
/*!40000 ALTER TABLE `deliveries` DISABLE KEYS */;
INSERT INTO `deliveries` VALUES (1,'CIF',NULL,NULL),(2,'FOB',NULL,NULL),(3,'CCP',NULL,NULL);
/*!40000 ALTER TABLE `deliveries` ENABLE KEYS */;
UNLOCK TABLES;

--
-- Table structure for table `descriptions`
--

DROP TABLE IF EXISTS `descriptions`;
/*!40101 SET @saved_cs_client     = @@character_set_client */;
/*!40101 SET character_set_client = utf8 */;
CREATE TABLE `descriptions` (
  `id` int(10) unsigned NOT NULL AUTO_INCREMENT,
  `language_id` int(10) unsigned NOT NULL,
  `product_id` int(10) unsigned NOT NULL,
  `description` text COLLATE utf8mb4_unicode_ci NOT NULL,
  `created_at` timestamp NULL DEFAULT NULL,
  `updated_at` timestamp NULL DEFAULT NULL,
  PRIMARY KEY (`id`),
  KEY `descriptions_product_id_foreign` (`product_id`),
  KEY `descriptions_language_id_foreign` (`language_id`),
  CONSTRAINT `descriptions_language_id_foreign` FOREIGN KEY (`language_id`) REFERENCES `languages` (`id`),
  CONSTRAINT `descriptions_product_id_foreign` FOREIGN KEY (`product_id`) REFERENCES `products` (`id`)
) ENGINE=InnoDB AUTO_INCREMENT=141 DEFAULT CHARSET=utf8mb4 COLLATE=utf8mb4_unicode_ci;
/*!40101 SET character_set_client = @saved_cs_client */;

--
-- Dumping data for table `descriptions`
--

LOCK TABLES `descriptions` WRITE;
/*!40000 ALTER TABLE `descriptions` DISABLE KEYS */;
INSERT INTO `descriptions` VALUES (1,1,1,'For product № 1  Lorem Ipsum is simply dummy text of the printing and typesetting industry. Lorem Ipsum has been the industry\'s standard dummy text ever since the 1500s, when an unknown printer took a galley of type and scrambled it to make a type specimen book. It has survived not only five centuries, but also the leap into electronic typesetting, remaining essentially unchanged. It was popularised in the 1960s with the release of Letraset sheets containing Lorem Ipsum passages, and more recently with desktop publishing software like Aldus PageMaker including versions of Lorem Ipsum.',NULL,NULL),(2,2,1,'For product № 1  Lorem Ipsum ist ein einfacher Demo-Text für die Print- und Schriftindustrie. Lorem Ipsum ist in der Industrie bereits der Standard Demo-Text seit 1500, als ein unbekannter Schriftsteller eine Hand voll Wörter nahm und diese durcheinander warf um ein Musterbuch zu erstellen. Es hat nicht nur 5 Jahrhunderte überlebt, sondern auch in Spruch in die elektronische Schriftbearbeitung geschafft (bemerke, nahezu unverändert). Bekannt wurde es 1960, mit dem erscheinen von \"Letraset\", welches Passagen von Lorem Ipsum enhielt, so wie Desktop Software wie \"Aldus PageMaker\" - ebenfalls mit Lorem Ipsum.',NULL,NULL),(3,3,1,'For product № 1  Lorem Ipsum, dizgi ve baskı endüstrisinde kullanılan mıgır metinlerdir. Lorem Ipsum, adı bilinmeyen bir matbaacının bir hurufat numune kitabı oluşturmak üzere bir yazı galerisini alarak karıştırdığı 1500\'lerden beri endüstri standardı sahte metinler olarak kullanılmıştır. Beşyüz yıl boyunca varlığını sürdürmekle kalmamış, aynı zamanda pek değişmeden elektronik dizgiye de sıçramıştır. 1960\'larda Lorem Ipsum pasajları da içeren Letraset yapraklarının yayınlanması ile ve yakın zamanda Aldus PageMaker gibi Lorem Ipsum sürümleri içeren masaüstü yayıncılık yazılımları ile popüler olmuştur.',NULL,NULL),(4,4,1,'For product № 1  Lorem Ipsum è un testo segnaposto utilizzato nel settore della tipografia e della stampa. Lorem Ipsum è considerato il testo segnaposto standard sin dal sedicesimo secolo, quando un anonimo tipografo prese una cassetta di caratteri e li assemblò per preparare un testo campione. È sopravvissuto non solo a più di cinque secoli, ma anche al passaggio alla videoimpaginazione, pervenendoci sostanzialmente inalterato. Fu reso popolare, negli anni ’60, con la diffusione dei fogli di caratteri trasferibili “Letraset”, che contenevano passaggi del Lorem Ipsum, e più recentemente da software di impaginazione come Aldus PageMaker, che includeva versioni del Lorem Ipsum.',NULL,NULL),(5,5,1,'For product № 1  هناك حقيقة مثبتة منذ زمن طويل وهي أن المحتوى المقروء لصفحة ما سيلهي القارئ عن التركيز على الشكل الخارجي للنص أو شكل توضع الفقرات في الصفحة التي يقرأها. ولذلك يتم استخدام طريقة لوريم إيبسوم لأنها تعطي توزيعاَ طبيعياَ -إلى حد ما- للأحرف عوضاً عن استخدام \"هنا يوجد محتوى نصي، هنا يوجد محتوى نصي\" فتجعلها تبدو (أي الأحرف) وكأنها نص مقروء. العديد من برامح النشر المكتبي وبرامح تحرير صفحات الويب تستخدم لوريم إيبسوم بشكل إفتراضي كنموذج عن النص، وإذا قمت بإدخال \"lorem ipsum\" في أي محرك بحث ستظهر العديد من المواقع الحديثة العهد في نتائج البحث. على مدى السنين ظهرت نسخ جديدة ومختلفة من نص لوريم إيبسوم، أحياناً عن طريق الصدفة، وأحياناً عن عمد كإدخال بعض العبارات الفكاهية إليها.',NULL,NULL),(6,1,2,'For product № 2  Lorem Ipsum is simply dummy text of the printing and typesetting industry. Lorem Ipsum has been the industry\'s standard dummy text ever since the 1500s, when an unknown printer took a galley of type and scrambled it to make a type specimen book. It has survived not only five centuries, but also the leap into electronic typesetting, remaining essentially unchanged. It was popularised in the 1960s with the release of Letraset sheets containing Lorem Ipsum passages, and more recently with desktop publishing software like Aldus PageMaker including versions of Lorem Ipsum.',NULL,NULL),(7,2,2,'For product № 2  Lorem Ipsum ist ein einfacher Demo-Text für die Print- und Schriftindustrie. Lorem Ipsum ist in der Industrie bereits der Standard Demo-Text seit 1500, als ein unbekannter Schriftsteller eine Hand voll Wörter nahm und diese durcheinander warf um ein Musterbuch zu erstellen. Es hat nicht nur 5 Jahrhunderte überlebt, sondern auch in Spruch in die elektronische Schriftbearbeitung geschafft (bemerke, nahezu unverändert). Bekannt wurde es 1960, mit dem erscheinen von \"Letraset\", welches Passagen von Lorem Ipsum enhielt, so wie Desktop Software wie \"Aldus PageMaker\" - ebenfalls mit Lorem Ipsum.',NULL,NULL),(8,3,2,'For product № 2  Lorem Ipsum, dizgi ve baskı endüstrisinde kullanılan mıgır metinlerdir. Lorem Ipsum, adı bilinmeyen bir matbaacının bir hurufat numune kitabı oluşturmak üzere bir yazı galerisini alarak karıştırdığı 1500\'lerden beri endüstri standardı sahte metinler olarak kullanılmıştır. Beşyüz yıl boyunca varlığını sürdürmekle kalmamış, aynı zamanda pek değişmeden elektronik dizgiye de sıçramıştır. 1960\'larda Lorem Ipsum pasajları da içeren Letraset yapraklarının yayınlanması ile ve yakın zamanda Aldus PageMaker gibi Lorem Ipsum sürümleri içeren masaüstü yayıncılık yazılımları ile popüler olmuştur.',NULL,NULL),(9,4,2,'For product № 2  Lorem Ipsum è un testo segnaposto utilizzato nel settore della tipografia e della stampa. Lorem Ipsum è considerato il testo segnaposto standard sin dal sedicesimo secolo, quando un anonimo tipografo prese una cassetta di caratteri e li assemblò per preparare un testo campione. È sopravvissuto non solo a più di cinque secoli, ma anche al passaggio alla videoimpaginazione, pervenendoci sostanzialmente inalterato. Fu reso popolare, negli anni ’60, con la diffusione dei fogli di caratteri trasferibili “Letraset”, che contenevano passaggi del Lorem Ipsum, e più recentemente da software di impaginazione come Aldus PageMaker, che includeva versioni del Lorem Ipsum.',NULL,NULL),(10,5,2,'For product № 2  هناك حقيقة مثبتة منذ زمن طويل وهي أن المحتوى المقروء لصفحة ما سيلهي القارئ عن التركيز على الشكل الخارجي للنص أو شكل توضع الفقرات في الصفحة التي يقرأها. ولذلك يتم استخدام طريقة لوريم إيبسوم لأنها تعطي توزيعاَ طبيعياَ -إلى حد ما- للأحرف عوضاً عن استخدام \"هنا يوجد محتوى نصي، هنا يوجد محتوى نصي\" فتجعلها تبدو (أي الأحرف) وكأنها نص مقروء. العديد من برامح النشر المكتبي وبرامح تحرير صفحات الويب تستخدم لوريم إيبسوم بشكل إفتراضي كنموذج عن النص، وإذا قمت بإدخال \"lorem ipsum\" في أي محرك بحث ستظهر العديد من المواقع الحديثة العهد في نتائج البحث. على مدى السنين ظهرت نسخ جديدة ومختلفة من نص لوريم إيبسوم، أحياناً عن طريق الصدفة، وأحياناً عن عمد كإدخال بعض العبارات الفكاهية إليها.',NULL,NULL),(11,1,3,'For product № 3  Lorem Ipsum is simply dummy text of the printing and typesetting industry. Lorem Ipsum has been the industry\'s standard dummy text ever since the 1500s, when an unknown printer took a galley of type and scrambled it to make a type specimen book. It has survived not only five centuries, but also the leap into electronic typesetting, remaining essentially unchanged. It was popularised in the 1960s with the release of Letraset sheets containing Lorem Ipsum passages, and more recently with desktop publishing software like Aldus PageMaker including versions of Lorem Ipsum.',NULL,NULL),(12,2,3,'For product № 3  Lorem Ipsum ist ein einfacher Demo-Text für die Print- und Schriftindustrie. Lorem Ipsum ist in der Industrie bereits der Standard Demo-Text seit 1500, als ein unbekannter Schriftsteller eine Hand voll Wörter nahm und diese durcheinander warf um ein Musterbuch zu erstellen. Es hat nicht nur 5 Jahrhunderte überlebt, sondern auch in Spruch in die elektronische Schriftbearbeitung geschafft (bemerke, nahezu unverändert). Bekannt wurde es 1960, mit dem erscheinen von \"Letraset\", welches Passagen von Lorem Ipsum enhielt, so wie Desktop Software wie \"Aldus PageMaker\" - ebenfalls mit Lorem Ipsum.',NULL,NULL),(13,3,3,'For product № 3  Lorem Ipsum, dizgi ve baskı endüstrisinde kullanılan mıgır metinlerdir. Lorem Ipsum, adı bilinmeyen bir matbaacının bir hurufat numune kitabı oluşturmak üzere bir yazı galerisini alarak karıştırdığı 1500\'lerden beri endüstri standardı sahte metinler olarak kullanılmıştır. Beşyüz yıl boyunca varlığını sürdürmekle kalmamış, aynı zamanda pek değişmeden elektronik dizgiye de sıçramıştır. 1960\'larda Lorem Ipsum pasajları da içeren Letraset yapraklarının yayınlanması ile ve yakın zamanda Aldus PageMaker gibi Lorem Ipsum sürümleri içeren masaüstü yayıncılık yazılımları ile popüler olmuştur.',NULL,NULL),(14,4,3,'For product № 3  Lorem Ipsum è un testo segnaposto utilizzato nel settore della tipografia e della stampa. Lorem Ipsum è considerato il testo segnaposto standard sin dal sedicesimo secolo, quando un anonimo tipografo prese una cassetta di caratteri e li assemblò per preparare un testo campione. È sopravvissuto non solo a più di cinque secoli, ma anche al passaggio alla videoimpaginazione, pervenendoci sostanzialmente inalterato. Fu reso popolare, negli anni ’60, con la diffusione dei fogli di caratteri trasferibili “Letraset”, che contenevano passaggi del Lorem Ipsum, e più recentemente da software di impaginazione come Aldus PageMaker, che includeva versioni del Lorem Ipsum.',NULL,NULL),(15,5,3,'For product № 3  هناك حقيقة مثبتة منذ زمن طويل وهي أن المحتوى المقروء لصفحة ما سيلهي القارئ عن التركيز على الشكل الخارجي للنص أو شكل توضع الفقرات في الصفحة التي يقرأها. ولذلك يتم استخدام طريقة لوريم إيبسوم لأنها تعطي توزيعاَ طبيعياَ -إلى حد ما- للأحرف عوضاً عن استخدام \"هنا يوجد محتوى نصي، هنا يوجد محتوى نصي\" فتجعلها تبدو (أي الأحرف) وكأنها نص مقروء. العديد من برامح النشر المكتبي وبرامح تحرير صفحات الويب تستخدم لوريم إيبسوم بشكل إفتراضي كنموذج عن النص، وإذا قمت بإدخال \"lorem ipsum\" في أي محرك بحث ستظهر العديد من المواقع الحديثة العهد في نتائج البحث. على مدى السنين ظهرت نسخ جديدة ومختلفة من نص لوريم إيبسوم، أحياناً عن طريق الصدفة، وأحياناً عن عمد كإدخال بعض العبارات الفكاهية إليها.',NULL,NULL),(16,1,4,'For product № 4  Lorem Ipsum is simply dummy text of the printing and typesetting industry. Lorem Ipsum has been the industry\'s standard dummy text ever since the 1500s, when an unknown printer took a galley of type and scrambled it to make a type specimen book. It has survived not only five centuries, but also the leap into electronic typesetting, remaining essentially unchanged. It was popularised in the 1960s with the release of Letraset sheets containing Lorem Ipsum passages, and more recently with desktop publishing software like Aldus PageMaker including versions of Lorem Ipsum.',NULL,NULL),(17,2,4,'For product № 4  Lorem Ipsum ist ein einfacher Demo-Text für die Print- und Schriftindustrie. Lorem Ipsum ist in der Industrie bereits der Standard Demo-Text seit 1500, als ein unbekannter Schriftsteller eine Hand voll Wörter nahm und diese durcheinander warf um ein Musterbuch zu erstellen. Es hat nicht nur 5 Jahrhunderte überlebt, sondern auch in Spruch in die elektronische Schriftbearbeitung geschafft (bemerke, nahezu unverändert). Bekannt wurde es 1960, mit dem erscheinen von \"Letraset\", welches Passagen von Lorem Ipsum enhielt, so wie Desktop Software wie \"Aldus PageMaker\" - ebenfalls mit Lorem Ipsum.',NULL,NULL),(18,3,4,'For product № 4  Lorem Ipsum, dizgi ve baskı endüstrisinde kullanılan mıgır metinlerdir. Lorem Ipsum, adı bilinmeyen bir matbaacının bir hurufat numune kitabı oluşturmak üzere bir yazı galerisini alarak karıştırdığı 1500\'lerden beri endüstri standardı sahte metinler olarak kullanılmıştır. Beşyüz yıl boyunca varlığını sürdürmekle kalmamış, aynı zamanda pek değişmeden elektronik dizgiye de sıçramıştır. 1960\'larda Lorem Ipsum pasajları da içeren Letraset yapraklarının yayınlanması ile ve yakın zamanda Aldus PageMaker gibi Lorem Ipsum sürümleri içeren masaüstü yayıncılık yazılımları ile popüler olmuştur.',NULL,NULL),(19,4,4,'For product № 4  Lorem Ipsum è un testo segnaposto utilizzato nel settore della tipografia e della stampa. Lorem Ipsum è considerato il testo segnaposto standard sin dal sedicesimo secolo, quando un anonimo tipografo prese una cassetta di caratteri e li assemblò per preparare un testo campione. È sopravvissuto non solo a più di cinque secoli, ma anche al passaggio alla videoimpaginazione, pervenendoci sostanzialmente inalterato. Fu reso popolare, negli anni ’60, con la diffusione dei fogli di caratteri trasferibili “Letraset”, che contenevano passaggi del Lorem Ipsum, e più recentemente da software di impaginazione come Aldus PageMaker, che includeva versioni del Lorem Ipsum.',NULL,NULL),(20,5,4,'For product № 4  هناك حقيقة مثبتة منذ زمن طويل وهي أن المحتوى المقروء لصفحة ما سيلهي القارئ عن التركيز على الشكل الخارجي للنص أو شكل توضع الفقرات في الصفحة التي يقرأها. ولذلك يتم استخدام طريقة لوريم إيبسوم لأنها تعطي توزيعاَ طبيعياَ -إلى حد ما- للأحرف عوضاً عن استخدام \"هنا يوجد محتوى نصي، هنا يوجد محتوى نصي\" فتجعلها تبدو (أي الأحرف) وكأنها نص مقروء. العديد من برامح النشر المكتبي وبرامح تحرير صفحات الويب تستخدم لوريم إيبسوم بشكل إفتراضي كنموذج عن النص، وإذا قمت بإدخال \"lorem ipsum\" في أي محرك بحث ستظهر العديد من المواقع الحديثة العهد في نتائج البحث. على مدى السنين ظهرت نسخ جديدة ومختلفة من نص لوريم إيبسوم، أحياناً عن طريق الصدفة، وأحياناً عن عمد كإدخال بعض العبارات الفكاهية إليها.',NULL,NULL),(21,1,5,'For product № 5  Lorem Ipsum is simply dummy text of the printing and typesetting industry. Lorem Ipsum has been the industry\'s standard dummy text ever since the 1500s, when an unknown printer took a galley of type and scrambled it to make a type specimen book. It has survived not only five centuries, but also the leap into electronic typesetting, remaining essentially unchanged. It was popularised in the 1960s with the release of Letraset sheets containing Lorem Ipsum passages, and more recently with desktop publishing software like Aldus PageMaker including versions of Lorem Ipsum.',NULL,NULL),(22,2,5,'For product № 5  Lorem Ipsum ist ein einfacher Demo-Text für die Print- und Schriftindustrie. Lorem Ipsum ist in der Industrie bereits der Standard Demo-Text seit 1500, als ein unbekannter Schriftsteller eine Hand voll Wörter nahm und diese durcheinander warf um ein Musterbuch zu erstellen. Es hat nicht nur 5 Jahrhunderte überlebt, sondern auch in Spruch in die elektronische Schriftbearbeitung geschafft (bemerke, nahezu unverändert). Bekannt wurde es 1960, mit dem erscheinen von \"Letraset\", welches Passagen von Lorem Ipsum enhielt, so wie Desktop Software wie \"Aldus PageMaker\" - ebenfalls mit Lorem Ipsum.',NULL,NULL),(23,3,5,'For product № 5  Lorem Ipsum, dizgi ve baskı endüstrisinde kullanılan mıgır metinlerdir. Lorem Ipsum, adı bilinmeyen bir matbaacının bir hurufat numune kitabı oluşturmak üzere bir yazı galerisini alarak karıştırdığı 1500\'lerden beri endüstri standardı sahte metinler olarak kullanılmıştır. Beşyüz yıl boyunca varlığını sürdürmekle kalmamış, aynı zamanda pek değişmeden elektronik dizgiye de sıçramıştır. 1960\'larda Lorem Ipsum pasajları da içeren Letraset yapraklarının yayınlanması ile ve yakın zamanda Aldus PageMaker gibi Lorem Ipsum sürümleri içeren masaüstü yayıncılık yazılımları ile popüler olmuştur.',NULL,NULL),(24,4,5,'For product № 5  Lorem Ipsum è un testo segnaposto utilizzato nel settore della tipografia e della stampa. Lorem Ipsum è considerato il testo segnaposto standard sin dal sedicesimo secolo, quando un anonimo tipografo prese una cassetta di caratteri e li assemblò per preparare un testo campione. È sopravvissuto non solo a più di cinque secoli, ma anche al passaggio alla videoimpaginazione, pervenendoci sostanzialmente inalterato. Fu reso popolare, negli anni ’60, con la diffusione dei fogli di caratteri trasferibili “Letraset”, che contenevano passaggi del Lorem Ipsum, e più recentemente da software di impaginazione come Aldus PageMaker, che includeva versioni del Lorem Ipsum.',NULL,NULL),(25,5,5,'For product № 5  هناك حقيقة مثبتة منذ زمن طويل وهي أن المحتوى المقروء لصفحة ما سيلهي القارئ عن التركيز على الشكل الخارجي للنص أو شكل توضع الفقرات في الصفحة التي يقرأها. ولذلك يتم استخدام طريقة لوريم إيبسوم لأنها تعطي توزيعاَ طبيعياَ -إلى حد ما- للأحرف عوضاً عن استخدام \"هنا يوجد محتوى نصي، هنا يوجد محتوى نصي\" فتجعلها تبدو (أي الأحرف) وكأنها نص مقروء. العديد من برامح النشر المكتبي وبرامح تحرير صفحات الويب تستخدم لوريم إيبسوم بشكل إفتراضي كنموذج عن النص، وإذا قمت بإدخال \"lorem ipsum\" في أي محرك بحث ستظهر العديد من المواقع الحديثة العهد في نتائج البحث. على مدى السنين ظهرت نسخ جديدة ومختلفة من نص لوريم إيبسوم، أحياناً عن طريق الصدفة، وأحياناً عن عمد كإدخال بعض العبارات الفكاهية إليها.',NULL,NULL),(26,1,6,'For product № 6  Lorem Ipsum is simply dummy text of the printing and typesetting industry. Lorem Ipsum has been the industry\'s standard dummy text ever since the 1500s, when an unknown printer took a galley of type and scrambled it to make a type specimen book. It has survived not only five centuries, but also the leap into electronic typesetting, remaining essentially unchanged. It was popularised in the 1960s with the release of Letraset sheets containing Lorem Ipsum passages, and more recently with desktop publishing software like Aldus PageMaker including versions of Lorem Ipsum.',NULL,NULL),(27,2,6,'For product № 6  Lorem Ipsum ist ein einfacher Demo-Text für die Print- und Schriftindustrie. Lorem Ipsum ist in der Industrie bereits der Standard Demo-Text seit 1500, als ein unbekannter Schriftsteller eine Hand voll Wörter nahm und diese durcheinander warf um ein Musterbuch zu erstellen. Es hat nicht nur 5 Jahrhunderte überlebt, sondern auch in Spruch in die elektronische Schriftbearbeitung geschafft (bemerke, nahezu unverändert). Bekannt wurde es 1960, mit dem erscheinen von \"Letraset\", welches Passagen von Lorem Ipsum enhielt, so wie Desktop Software wie \"Aldus PageMaker\" - ebenfalls mit Lorem Ipsum.',NULL,NULL),(28,3,6,'For product № 6  Lorem Ipsum, dizgi ve baskı endüstrisinde kullanılan mıgır metinlerdir. Lorem Ipsum, adı bilinmeyen bir matbaacının bir hurufat numune kitabı oluşturmak üzere bir yazı galerisini alarak karıştırdığı 1500\'lerden beri endüstri standardı sahte metinler olarak kullanılmıştır. Beşyüz yıl boyunca varlığını sürdürmekle kalmamış, aynı zamanda pek değişmeden elektronik dizgiye de sıçramıştır. 1960\'larda Lorem Ipsum pasajları da içeren Letraset yapraklarının yayınlanması ile ve yakın zamanda Aldus PageMaker gibi Lorem Ipsum sürümleri içeren masaüstü yayıncılık yazılımları ile popüler olmuştur.',NULL,NULL),(29,4,6,'For product № 6  Lorem Ipsum è un testo segnaposto utilizzato nel settore della tipografia e della stampa. Lorem Ipsum è considerato il testo segnaposto standard sin dal sedicesimo secolo, quando un anonimo tipografo prese una cassetta di caratteri e li assemblò per preparare un testo campione. È sopravvissuto non solo a più di cinque secoli, ma anche al passaggio alla videoimpaginazione, pervenendoci sostanzialmente inalterato. Fu reso popolare, negli anni ’60, con la diffusione dei fogli di caratteri trasferibili “Letraset”, che contenevano passaggi del Lorem Ipsum, e più recentemente da software di impaginazione come Aldus PageMaker, che includeva versioni del Lorem Ipsum.',NULL,NULL),(30,5,6,'For product № 6  هناك حقيقة مثبتة منذ زمن طويل وهي أن المحتوى المقروء لصفحة ما سيلهي القارئ عن التركيز على الشكل الخارجي للنص أو شكل توضع الفقرات في الصفحة التي يقرأها. ولذلك يتم استخدام طريقة لوريم إيبسوم لأنها تعطي توزيعاَ طبيعياَ -إلى حد ما- للأحرف عوضاً عن استخدام \"هنا يوجد محتوى نصي، هنا يوجد محتوى نصي\" فتجعلها تبدو (أي الأحرف) وكأنها نص مقروء. العديد من برامح النشر المكتبي وبرامح تحرير صفحات الويب تستخدم لوريم إيبسوم بشكل إفتراضي كنموذج عن النص، وإذا قمت بإدخال \"lorem ipsum\" في أي محرك بحث ستظهر العديد من المواقع الحديثة العهد في نتائج البحث. على مدى السنين ظهرت نسخ جديدة ومختلفة من نص لوريم إيبسوم، أحياناً عن طريق الصدفة، وأحياناً عن عمد كإدخال بعض العبارات الفكاهية إليها.',NULL,NULL),(31,1,7,'For product № 7  Lorem Ipsum is simply dummy text of the printing and typesetting industry. Lorem Ipsum has been the industry\'s standard dummy text ever since the 1500s, when an unknown printer took a galley of type and scrambled it to make a type specimen book. It has survived not only five centuries, but also the leap into electronic typesetting, remaining essentially unchanged. It was popularised in the 1960s with the release of Letraset sheets containing Lorem Ipsum passages, and more recently with desktop publishing software like Aldus PageMaker including versions of Lorem Ipsum.',NULL,NULL),(32,2,7,'For product № 7  Lorem Ipsum ist ein einfacher Demo-Text für die Print- und Schriftindustrie. Lorem Ipsum ist in der Industrie bereits der Standard Demo-Text seit 1500, als ein unbekannter Schriftsteller eine Hand voll Wörter nahm und diese durcheinander warf um ein Musterbuch zu erstellen. Es hat nicht nur 5 Jahrhunderte überlebt, sondern auch in Spruch in die elektronische Schriftbearbeitung geschafft (bemerke, nahezu unverändert). Bekannt wurde es 1960, mit dem erscheinen von \"Letraset\", welches Passagen von Lorem Ipsum enhielt, so wie Desktop Software wie \"Aldus PageMaker\" - ebenfalls mit Lorem Ipsum.',NULL,NULL),(33,3,7,'For product № 7  Lorem Ipsum, dizgi ve baskı endüstrisinde kullanılan mıgır metinlerdir. Lorem Ipsum, adı bilinmeyen bir matbaacının bir hurufat numune kitabı oluşturmak üzere bir yazı galerisini alarak karıştırdığı 1500\'lerden beri endüstri standardı sahte metinler olarak kullanılmıştır. Beşyüz yıl boyunca varlığını sürdürmekle kalmamış, aynı zamanda pek değişmeden elektronik dizgiye de sıçramıştır. 1960\'larda Lorem Ipsum pasajları da içeren Letraset yapraklarının yayınlanması ile ve yakın zamanda Aldus PageMaker gibi Lorem Ipsum sürümleri içeren masaüstü yayıncılık yazılımları ile popüler olmuştur.',NULL,NULL),(34,4,7,'For product № 7  Lorem Ipsum è un testo segnaposto utilizzato nel settore della tipografia e della stampa. Lorem Ipsum è considerato il testo segnaposto standard sin dal sedicesimo secolo, quando un anonimo tipografo prese una cassetta di caratteri e li assemblò per preparare un testo campione. È sopravvissuto non solo a più di cinque secoli, ma anche al passaggio alla videoimpaginazione, pervenendoci sostanzialmente inalterato. Fu reso popolare, negli anni ’60, con la diffusione dei fogli di caratteri trasferibili “Letraset”, che contenevano passaggi del Lorem Ipsum, e più recentemente da software di impaginazione come Aldus PageMaker, che includeva versioni del Lorem Ipsum.',NULL,NULL),(35,5,7,'For product № 7  هناك حقيقة مثبتة منذ زمن طويل وهي أن المحتوى المقروء لصفحة ما سيلهي القارئ عن التركيز على الشكل الخارجي للنص أو شكل توضع الفقرات في الصفحة التي يقرأها. ولذلك يتم استخدام طريقة لوريم إيبسوم لأنها تعطي توزيعاَ طبيعياَ -إلى حد ما- للأحرف عوضاً عن استخدام \"هنا يوجد محتوى نصي، هنا يوجد محتوى نصي\" فتجعلها تبدو (أي الأحرف) وكأنها نص مقروء. العديد من برامح النشر المكتبي وبرامح تحرير صفحات الويب تستخدم لوريم إيبسوم بشكل إفتراضي كنموذج عن النص، وإذا قمت بإدخال \"lorem ipsum\" في أي محرك بحث ستظهر العديد من المواقع الحديثة العهد في نتائج البحث. على مدى السنين ظهرت نسخ جديدة ومختلفة من نص لوريم إيبسوم، أحياناً عن طريق الصدفة، وأحياناً عن عمد كإدخال بعض العبارات الفكاهية إليها.',NULL,NULL),(36,1,8,'For product № 8  Lorem Ipsum is simply dummy text of the printing and typesetting industry. Lorem Ipsum has been the industry\'s standard dummy text ever since the 1500s, when an unknown printer took a galley of type and scrambled it to make a type specimen book. It has survived not only five centuries, but also the leap into electronic typesetting, remaining essentially unchanged. It was popularised in the 1960s with the release of Letraset sheets containing Lorem Ipsum passages, and more recently with desktop publishing software like Aldus PageMaker including versions of Lorem Ipsum.',NULL,NULL),(37,2,8,'For product № 8  Lorem Ipsum ist ein einfacher Demo-Text für die Print- und Schriftindustrie. Lorem Ipsum ist in der Industrie bereits der Standard Demo-Text seit 1500, als ein unbekannter Schriftsteller eine Hand voll Wörter nahm und diese durcheinander warf um ein Musterbuch zu erstellen. Es hat nicht nur 5 Jahrhunderte überlebt, sondern auch in Spruch in die elektronische Schriftbearbeitung geschafft (bemerke, nahezu unverändert). Bekannt wurde es 1960, mit dem erscheinen von \"Letraset\", welches Passagen von Lorem Ipsum enhielt, so wie Desktop Software wie \"Aldus PageMaker\" - ebenfalls mit Lorem Ipsum.',NULL,NULL),(38,3,8,'For product № 8  Lorem Ipsum, dizgi ve baskı endüstrisinde kullanılan mıgır metinlerdir. Lorem Ipsum, adı bilinmeyen bir matbaacının bir hurufat numune kitabı oluşturmak üzere bir yazı galerisini alarak karıştırdığı 1500\'lerden beri endüstri standardı sahte metinler olarak kullanılmıştır. Beşyüz yıl boyunca varlığını sürdürmekle kalmamış, aynı zamanda pek değişmeden elektronik dizgiye de sıçramıştır. 1960\'larda Lorem Ipsum pasajları da içeren Letraset yapraklarının yayınlanması ile ve yakın zamanda Aldus PageMaker gibi Lorem Ipsum sürümleri içeren masaüstü yayıncılık yazılımları ile popüler olmuştur.',NULL,NULL),(39,4,8,'For product № 8  Lorem Ipsum è un testo segnaposto utilizzato nel settore della tipografia e della stampa. Lorem Ipsum è considerato il testo segnaposto standard sin dal sedicesimo secolo, quando un anonimo tipografo prese una cassetta di caratteri e li assemblò per preparare un testo campione. È sopravvissuto non solo a più di cinque secoli, ma anche al passaggio alla videoimpaginazione, pervenendoci sostanzialmente inalterato. Fu reso popolare, negli anni ’60, con la diffusione dei fogli di caratteri trasferibili “Letraset”, che contenevano passaggi del Lorem Ipsum, e più recentemente da software di impaginazione come Aldus PageMaker, che includeva versioni del Lorem Ipsum.',NULL,NULL),(40,5,8,'For product № 8  هناك حقيقة مثبتة منذ زمن طويل وهي أن المحتوى المقروء لصفحة ما سيلهي القارئ عن التركيز على الشكل الخارجي للنص أو شكل توضع الفقرات في الصفحة التي يقرأها. ولذلك يتم استخدام طريقة لوريم إيبسوم لأنها تعطي توزيعاَ طبيعياَ -إلى حد ما- للأحرف عوضاً عن استخدام \"هنا يوجد محتوى نصي، هنا يوجد محتوى نصي\" فتجعلها تبدو (أي الأحرف) وكأنها نص مقروء. العديد من برامح النشر المكتبي وبرامح تحرير صفحات الويب تستخدم لوريم إيبسوم بشكل إفتراضي كنموذج عن النص، وإذا قمت بإدخال \"lorem ipsum\" في أي محرك بحث ستظهر العديد من المواقع الحديثة العهد في نتائج البحث. على مدى السنين ظهرت نسخ جديدة ومختلفة من نص لوريم إيبسوم، أحياناً عن طريق الصدفة، وأحياناً عن عمد كإدخال بعض العبارات الفكاهية إليها.',NULL,NULL),(41,1,9,'For product № 9  Lorem Ipsum is simply dummy text of the printing and typesetting industry. Lorem Ipsum has been the industry\'s standard dummy text ever since the 1500s, when an unknown printer took a galley of type and scrambled it to make a type specimen book. It has survived not only five centuries, but also the leap into electronic typesetting, remaining essentially unchanged. It was popularised in the 1960s with the release of Letraset sheets containing Lorem Ipsum passages, and more recently with desktop publishing software like Aldus PageMaker including versions of Lorem Ipsum.',NULL,NULL),(42,2,9,'For product № 9  Lorem Ipsum ist ein einfacher Demo-Text für die Print- und Schriftindustrie. Lorem Ipsum ist in der Industrie bereits der Standard Demo-Text seit 1500, als ein unbekannter Schriftsteller eine Hand voll Wörter nahm und diese durcheinander warf um ein Musterbuch zu erstellen. Es hat nicht nur 5 Jahrhunderte überlebt, sondern auch in Spruch in die elektronische Schriftbearbeitung geschafft (bemerke, nahezu unverändert). Bekannt wurde es 1960, mit dem erscheinen von \"Letraset\", welches Passagen von Lorem Ipsum enhielt, so wie Desktop Software wie \"Aldus PageMaker\" - ebenfalls mit Lorem Ipsum.',NULL,NULL),(43,3,9,'For product № 9  Lorem Ipsum, dizgi ve baskı endüstrisinde kullanılan mıgır metinlerdir. Lorem Ipsum, adı bilinmeyen bir matbaacının bir hurufat numune kitabı oluşturmak üzere bir yazı galerisini alarak karıştırdığı 1500\'lerden beri endüstri standardı sahte metinler olarak kullanılmıştır. Beşyüz yıl boyunca varlığını sürdürmekle kalmamış, aynı zamanda pek değişmeden elektronik dizgiye de sıçramıştır. 1960\'larda Lorem Ipsum pasajları da içeren Letraset yapraklarının yayınlanması ile ve yakın zamanda Aldus PageMaker gibi Lorem Ipsum sürümleri içeren masaüstü yayıncılık yazılımları ile popüler olmuştur.',NULL,NULL),(44,4,9,'For product № 9  Lorem Ipsum è un testo segnaposto utilizzato nel settore della tipografia e della stampa. Lorem Ipsum è considerato il testo segnaposto standard sin dal sedicesimo secolo, quando un anonimo tipografo prese una cassetta di caratteri e li assemblò per preparare un testo campione. È sopravvissuto non solo a più di cinque secoli, ma anche al passaggio alla videoimpaginazione, pervenendoci sostanzialmente inalterato. Fu reso popolare, negli anni ’60, con la diffusione dei fogli di caratteri trasferibili “Letraset”, che contenevano passaggi del Lorem Ipsum, e più recentemente da software di impaginazione come Aldus PageMaker, che includeva versioni del Lorem Ipsum.',NULL,NULL),(45,5,9,'For product № 9  هناك حقيقة مثبتة منذ زمن طويل وهي أن المحتوى المقروء لصفحة ما سيلهي القارئ عن التركيز على الشكل الخارجي للنص أو شكل توضع الفقرات في الصفحة التي يقرأها. ولذلك يتم استخدام طريقة لوريم إيبسوم لأنها تعطي توزيعاَ طبيعياَ -إلى حد ما- للأحرف عوضاً عن استخدام \"هنا يوجد محتوى نصي، هنا يوجد محتوى نصي\" فتجعلها تبدو (أي الأحرف) وكأنها نص مقروء. العديد من برامح النشر المكتبي وبرامح تحرير صفحات الويب تستخدم لوريم إيبسوم بشكل إفتراضي كنموذج عن النص، وإذا قمت بإدخال \"lorem ipsum\" في أي محرك بحث ستظهر العديد من المواقع الحديثة العهد في نتائج البحث. على مدى السنين ظهرت نسخ جديدة ومختلفة من نص لوريم إيبسوم، أحياناً عن طريق الصدفة، وأحياناً عن عمد كإدخال بعض العبارات الفكاهية إليها.',NULL,NULL),(46,1,10,'For product № 10  Lorem Ipsum is simply dummy text of the printing and typesetting industry. Lorem Ipsum has been the industry\'s standard dummy text ever since the 1500s, when an unknown printer took a galley of type and scrambled it to make a type specimen book. It has survived not only five centuries, but also the leap into electronic typesetting, remaining essentially unchanged. It was popularised in the 1960s with the release of Letraset sheets containing Lorem Ipsum passages, and more recently with desktop publishing software like Aldus PageMaker including versions of Lorem Ipsum.',NULL,NULL),(47,2,10,'For product № 10  Lorem Ipsum ist ein einfacher Demo-Text für die Print- und Schriftindustrie. Lorem Ipsum ist in der Industrie bereits der Standard Demo-Text seit 1500, als ein unbekannter Schriftsteller eine Hand voll Wörter nahm und diese durcheinander warf um ein Musterbuch zu erstellen. Es hat nicht nur 5 Jahrhunderte überlebt, sondern auch in Spruch in die elektronische Schriftbearbeitung geschafft (bemerke, nahezu unverändert). Bekannt wurde es 1960, mit dem erscheinen von \"Letraset\", welches Passagen von Lorem Ipsum enhielt, so wie Desktop Software wie \"Aldus PageMaker\" - ebenfalls mit Lorem Ipsum.',NULL,NULL),(48,3,10,'For product № 10  Lorem Ipsum, dizgi ve baskı endüstrisinde kullanılan mıgır metinlerdir. Lorem Ipsum, adı bilinmeyen bir matbaacının bir hurufat numune kitabı oluşturmak üzere bir yazı galerisini alarak karıştırdığı 1500\'lerden beri endüstri standardı sahte metinler olarak kullanılmıştır. Beşyüz yıl boyunca varlığını sürdürmekle kalmamış, aynı zamanda pek değişmeden elektronik dizgiye de sıçramıştır. 1960\'larda Lorem Ipsum pasajları da içeren Letraset yapraklarının yayınlanması ile ve yakın zamanda Aldus PageMaker gibi Lorem Ipsum sürümleri içeren masaüstü yayıncılık yazılımları ile popüler olmuştur.',NULL,NULL),(49,4,10,'For product № 10  Lorem Ipsum è un testo segnaposto utilizzato nel settore della tipografia e della stampa. Lorem Ipsum è considerato il testo segnaposto standard sin dal sedicesimo secolo, quando un anonimo tipografo prese una cassetta di caratteri e li assemblò per preparare un testo campione. È sopravvissuto non solo a più di cinque secoli, ma anche al passaggio alla videoimpaginazione, pervenendoci sostanzialmente inalterato. Fu reso popolare, negli anni ’60, con la diffusione dei fogli di caratteri trasferibili “Letraset”, che contenevano passaggi del Lorem Ipsum, e più recentemente da software di impaginazione come Aldus PageMaker, che includeva versioni del Lorem Ipsum.',NULL,NULL),(50,5,10,'For product № 10  هناك حقيقة مثبتة منذ زمن طويل وهي أن المحتوى المقروء لصفحة ما سيلهي القارئ عن التركيز على الشكل الخارجي للنص أو شكل توضع الفقرات في الصفحة التي يقرأها. ولذلك يتم استخدام طريقة لوريم إيبسوم لأنها تعطي توزيعاَ طبيعياَ -إلى حد ما- للأحرف عوضاً عن استخدام \"هنا يوجد محتوى نصي، هنا يوجد محتوى نصي\" فتجعلها تبدو (أي الأحرف) وكأنها نص مقروء. العديد من برامح النشر المكتبي وبرامح تحرير صفحات الويب تستخدم لوريم إيبسوم بشكل إفتراضي كنموذج عن النص، وإذا قمت بإدخال \"lorem ipsum\" في أي محرك بحث ستظهر العديد من المواقع الحديثة العهد في نتائج البحث. على مدى السنين ظهرت نسخ جديدة ومختلفة من نص لوريم إيبسوم، أحياناً عن طريق الصدفة، وأحياناً عن عمد كإدخال بعض العبارات الفكاهية إليها.',NULL,NULL),(51,1,11,'For product № 11  Lorem Ipsum is simply dummy text of the printing and typesetting industry. Lorem Ipsum has been the industry\'s standard dummy text ever since the 1500s, when an unknown printer took a galley of type and scrambled it to make a type specimen book. It has survived not only five centuries, but also the leap into electronic typesetting, remaining essentially unchanged. It was popularised in the 1960s with the release of Letraset sheets containing Lorem Ipsum passages, and more recently with desktop publishing software like Aldus PageMaker including versions of Lorem Ipsum.',NULL,NULL),(52,2,11,'For product № 11  Lorem Ipsum ist ein einfacher Demo-Text für die Print- und Schriftindustrie. Lorem Ipsum ist in der Industrie bereits der Standard Demo-Text seit 1500, als ein unbekannter Schriftsteller eine Hand voll Wörter nahm und diese durcheinander warf um ein Musterbuch zu erstellen. Es hat nicht nur 5 Jahrhunderte überlebt, sondern auch in Spruch in die elektronische Schriftbearbeitung geschafft (bemerke, nahezu unverändert). Bekannt wurde es 1960, mit dem erscheinen von \"Letraset\", welches Passagen von Lorem Ipsum enhielt, so wie Desktop Software wie \"Aldus PageMaker\" - ebenfalls mit Lorem Ipsum.',NULL,NULL),(53,3,11,'For product № 11  Lorem Ipsum, dizgi ve baskı endüstrisinde kullanılan mıgır metinlerdir. Lorem Ipsum, adı bilinmeyen bir matbaacının bir hurufat numune kitabı oluşturmak üzere bir yazı galerisini alarak karıştırdığı 1500\'lerden beri endüstri standardı sahte metinler olarak kullanılmıştır. Beşyüz yıl boyunca varlığını sürdürmekle kalmamış, aynı zamanda pek değişmeden elektronik dizgiye de sıçramıştır. 1960\'larda Lorem Ipsum pasajları da içeren Letraset yapraklarının yayınlanması ile ve yakın zamanda Aldus PageMaker gibi Lorem Ipsum sürümleri içeren masaüstü yayıncılık yazılımları ile popüler olmuştur.',NULL,NULL),(54,4,11,'For product № 11  Lorem Ipsum è un testo segnaposto utilizzato nel settore della tipografia e della stampa. Lorem Ipsum è considerato il testo segnaposto standard sin dal sedicesimo secolo, quando un anonimo tipografo prese una cassetta di caratteri e li assemblò per preparare un testo campione. È sopravvissuto non solo a più di cinque secoli, ma anche al passaggio alla videoimpaginazione, pervenendoci sostanzialmente inalterato. Fu reso popolare, negli anni ’60, con la diffusione dei fogli di caratteri trasferibili “Letraset”, che contenevano passaggi del Lorem Ipsum, e più recentemente da software di impaginazione come Aldus PageMaker, che includeva versioni del Lorem Ipsum.',NULL,NULL),(55,5,11,'For product № 11  هناك حقيقة مثبتة منذ زمن طويل وهي أن المحتوى المقروء لصفحة ما سيلهي القارئ عن التركيز على الشكل الخارجي للنص أو شكل توضع الفقرات في الصفحة التي يقرأها. ولذلك يتم استخدام طريقة لوريم إيبسوم لأنها تعطي توزيعاَ طبيعياَ -إلى حد ما- للأحرف عوضاً عن استخدام \"هنا يوجد محتوى نصي، هنا يوجد محتوى نصي\" فتجعلها تبدو (أي الأحرف) وكأنها نص مقروء. العديد من برامح النشر المكتبي وبرامح تحرير صفحات الويب تستخدم لوريم إيبسوم بشكل إفتراضي كنموذج عن النص، وإذا قمت بإدخال \"lorem ipsum\" في أي محرك بحث ستظهر العديد من المواقع الحديثة العهد في نتائج البحث. على مدى السنين ظهرت نسخ جديدة ومختلفة من نص لوريم إيبسوم، أحياناً عن طريق الصدفة، وأحياناً عن عمد كإدخال بعض العبارات الفكاهية إليها.',NULL,NULL),(56,1,12,'For product № 12  Lorem Ipsum is simply dummy text of the printing and typesetting industry. Lorem Ipsum has been the industry\'s standard dummy text ever since the 1500s, when an unknown printer took a galley of type and scrambled it to make a type specimen book. It has survived not only five centuries, but also the leap into electronic typesetting, remaining essentially unchanged. It was popularised in the 1960s with the release of Letraset sheets containing Lorem Ipsum passages, and more recently with desktop publishing software like Aldus PageMaker including versions of Lorem Ipsum.',NULL,NULL),(57,2,12,'For product № 12  Lorem Ipsum ist ein einfacher Demo-Text für die Print- und Schriftindustrie. Lorem Ipsum ist in der Industrie bereits der Standard Demo-Text seit 1500, als ein unbekannter Schriftsteller eine Hand voll Wörter nahm und diese durcheinander warf um ein Musterbuch zu erstellen. Es hat nicht nur 5 Jahrhunderte überlebt, sondern auch in Spruch in die elektronische Schriftbearbeitung geschafft (bemerke, nahezu unverändert). Bekannt wurde es 1960, mit dem erscheinen von \"Letraset\", welches Passagen von Lorem Ipsum enhielt, so wie Desktop Software wie \"Aldus PageMaker\" - ebenfalls mit Lorem Ipsum.',NULL,NULL),(58,3,12,'For product № 12  Lorem Ipsum, dizgi ve baskı endüstrisinde kullanılan mıgır metinlerdir. Lorem Ipsum, adı bilinmeyen bir matbaacının bir hurufat numune kitabı oluşturmak üzere bir yazı galerisini alarak karıştırdığı 1500\'lerden beri endüstri standardı sahte metinler olarak kullanılmıştır. Beşyüz yıl boyunca varlığını sürdürmekle kalmamış, aynı zamanda pek değişmeden elektronik dizgiye de sıçramıştır. 1960\'larda Lorem Ipsum pasajları da içeren Letraset yapraklarının yayınlanması ile ve yakın zamanda Aldus PageMaker gibi Lorem Ipsum sürümleri içeren masaüstü yayıncılık yazılımları ile popüler olmuştur.',NULL,NULL),(59,4,12,'For product № 12  Lorem Ipsum è un testo segnaposto utilizzato nel settore della tipografia e della stampa. Lorem Ipsum è considerato il testo segnaposto standard sin dal sedicesimo secolo, quando un anonimo tipografo prese una cassetta di caratteri e li assemblò per preparare un testo campione. È sopravvissuto non solo a più di cinque secoli, ma anche al passaggio alla videoimpaginazione, pervenendoci sostanzialmente inalterato. Fu reso popolare, negli anni ’60, con la diffusione dei fogli di caratteri trasferibili “Letraset”, che contenevano passaggi del Lorem Ipsum, e più recentemente da software di impaginazione come Aldus PageMaker, che includeva versioni del Lorem Ipsum.',NULL,NULL),(60,5,12,'For product № 12  هناك حقيقة مثبتة منذ زمن طويل وهي أن المحتوى المقروء لصفحة ما سيلهي القارئ عن التركيز على الشكل الخارجي للنص أو شكل توضع الفقرات في الصفحة التي يقرأها. ولذلك يتم استخدام طريقة لوريم إيبسوم لأنها تعطي توزيعاَ طبيعياَ -إلى حد ما- للأحرف عوضاً عن استخدام \"هنا يوجد محتوى نصي، هنا يوجد محتوى نصي\" فتجعلها تبدو (أي الأحرف) وكأنها نص مقروء. العديد من برامح النشر المكتبي وبرامح تحرير صفحات الويب تستخدم لوريم إيبسوم بشكل إفتراضي كنموذج عن النص، وإذا قمت بإدخال \"lorem ipsum\" في أي محرك بحث ستظهر العديد من المواقع الحديثة العهد في نتائج البحث. على مدى السنين ظهرت نسخ جديدة ومختلفة من نص لوريم إيبسوم، أحياناً عن طريق الصدفة، وأحياناً عن عمد كإدخال بعض العبارات الفكاهية إليها.',NULL,NULL),(61,1,13,'For product № 13  Lorem Ipsum is simply dummy text of the printing and typesetting industry. Lorem Ipsum has been the industry\'s standard dummy text ever since the 1500s, when an unknown printer took a galley of type and scrambled it to make a type specimen book. It has survived not only five centuries, but also the leap into electronic typesetting, remaining essentially unchanged. It was popularised in the 1960s with the release of Letraset sheets containing Lorem Ipsum passages, and more recently with desktop publishing software like Aldus PageMaker including versions of Lorem Ipsum.',NULL,NULL),(62,2,13,'For product № 13  Lorem Ipsum ist ein einfacher Demo-Text für die Print- und Schriftindustrie. Lorem Ipsum ist in der Industrie bereits der Standard Demo-Text seit 1500, als ein unbekannter Schriftsteller eine Hand voll Wörter nahm und diese durcheinander warf um ein Musterbuch zu erstellen. Es hat nicht nur 5 Jahrhunderte überlebt, sondern auch in Spruch in die elektronische Schriftbearbeitung geschafft (bemerke, nahezu unverändert). Bekannt wurde es 1960, mit dem erscheinen von \"Letraset\", welches Passagen von Lorem Ipsum enhielt, so wie Desktop Software wie \"Aldus PageMaker\" - ebenfalls mit Lorem Ipsum.',NULL,NULL),(63,3,13,'For product № 13  Lorem Ipsum, dizgi ve baskı endüstrisinde kullanılan mıgır metinlerdir. Lorem Ipsum, adı bilinmeyen bir matbaacının bir hurufat numune kitabı oluşturmak üzere bir yazı galerisini alarak karıştırdığı 1500\'lerden beri endüstri standardı sahte metinler olarak kullanılmıştır. Beşyüz yıl boyunca varlığını sürdürmekle kalmamış, aynı zamanda pek değişmeden elektronik dizgiye de sıçramıştır. 1960\'larda Lorem Ipsum pasajları da içeren Letraset yapraklarının yayınlanması ile ve yakın zamanda Aldus PageMaker gibi Lorem Ipsum sürümleri içeren masaüstü yayıncılık yazılımları ile popüler olmuştur.',NULL,NULL),(64,4,13,'For product № 13  Lorem Ipsum è un testo segnaposto utilizzato nel settore della tipografia e della stampa. Lorem Ipsum è considerato il testo segnaposto standard sin dal sedicesimo secolo, quando un anonimo tipografo prese una cassetta di caratteri e li assemblò per preparare un testo campione. È sopravvissuto non solo a più di cinque secoli, ma anche al passaggio alla videoimpaginazione, pervenendoci sostanzialmente inalterato. Fu reso popolare, negli anni ’60, con la diffusione dei fogli di caratteri trasferibili “Letraset”, che contenevano passaggi del Lorem Ipsum, e più recentemente da software di impaginazione come Aldus PageMaker, che includeva versioni del Lorem Ipsum.',NULL,NULL),(65,5,13,'For product № 13  هناك حقيقة مثبتة منذ زمن طويل وهي أن المحتوى المقروء لصفحة ما سيلهي القارئ عن التركيز على الشكل الخارجي للنص أو شكل توضع الفقرات في الصفحة التي يقرأها. ولذلك يتم استخدام طريقة لوريم إيبسوم لأنها تعطي توزيعاَ طبيعياَ -إلى حد ما- للأحرف عوضاً عن استخدام \"هنا يوجد محتوى نصي، هنا يوجد محتوى نصي\" فتجعلها تبدو (أي الأحرف) وكأنها نص مقروء. العديد من برامح النشر المكتبي وبرامح تحرير صفحات الويب تستخدم لوريم إيبسوم بشكل إفتراضي كنموذج عن النص، وإذا قمت بإدخال \"lorem ipsum\" في أي محرك بحث ستظهر العديد من المواقع الحديثة العهد في نتائج البحث. على مدى السنين ظهرت نسخ جديدة ومختلفة من نص لوريم إيبسوم، أحياناً عن طريق الصدفة، وأحياناً عن عمد كإدخال بعض العبارات الفكاهية إليها.',NULL,NULL),(66,1,14,'For product № 14  Lorem Ipsum is simply dummy text of the printing and typesetting industry. Lorem Ipsum has been the industry\'s standard dummy text ever since the 1500s, when an unknown printer took a galley of type and scrambled it to make a type specimen book. It has survived not only five centuries, but also the leap into electronic typesetting, remaining essentially unchanged. It was popularised in the 1960s with the release of Letraset sheets containing Lorem Ipsum passages, and more recently with desktop publishing software like Aldus PageMaker including versions of Lorem Ipsum.',NULL,NULL),(67,2,14,'For product № 14  Lorem Ipsum ist ein einfacher Demo-Text für die Print- und Schriftindustrie. Lorem Ipsum ist in der Industrie bereits der Standard Demo-Text seit 1500, als ein unbekannter Schriftsteller eine Hand voll Wörter nahm und diese durcheinander warf um ein Musterbuch zu erstellen. Es hat nicht nur 5 Jahrhunderte überlebt, sondern auch in Spruch in die elektronische Schriftbearbeitung geschafft (bemerke, nahezu unverändert). Bekannt wurde es 1960, mit dem erscheinen von \"Letraset\", welches Passagen von Lorem Ipsum enhielt, so wie Desktop Software wie \"Aldus PageMaker\" - ebenfalls mit Lorem Ipsum.',NULL,NULL),(68,3,14,'For product № 14  Lorem Ipsum, dizgi ve baskı endüstrisinde kullanılan mıgır metinlerdir. Lorem Ipsum, adı bilinmeyen bir matbaacının bir hurufat numune kitabı oluşturmak üzere bir yazı galerisini alarak karıştırdığı 1500\'lerden beri endüstri standardı sahte metinler olarak kullanılmıştır. Beşyüz yıl boyunca varlığını sürdürmekle kalmamış, aynı zamanda pek değişmeden elektronik dizgiye de sıçramıştır. 1960\'larda Lorem Ipsum pasajları da içeren Letraset yapraklarının yayınlanması ile ve yakın zamanda Aldus PageMaker gibi Lorem Ipsum sürümleri içeren masaüstü yayıncılık yazılımları ile popüler olmuştur.',NULL,NULL),(69,4,14,'For product № 14  Lorem Ipsum è un testo segnaposto utilizzato nel settore della tipografia e della stampa. Lorem Ipsum è considerato il testo segnaposto standard sin dal sedicesimo secolo, quando un anonimo tipografo prese una cassetta di caratteri e li assemblò per preparare un testo campione. È sopravvissuto non solo a più di cinque secoli, ma anche al passaggio alla videoimpaginazione, pervenendoci sostanzialmente inalterato. Fu reso popolare, negli anni ’60, con la diffusione dei fogli di caratteri trasferibili “Letraset”, che contenevano passaggi del Lorem Ipsum, e più recentemente da software di impaginazione come Aldus PageMaker, che includeva versioni del Lorem Ipsum.',NULL,NULL),(70,5,14,'For product № 14  هناك حقيقة مثبتة منذ زمن طويل وهي أن المحتوى المقروء لصفحة ما سيلهي القارئ عن التركيز على الشكل الخارجي للنص أو شكل توضع الفقرات في الصفحة التي يقرأها. ولذلك يتم استخدام طريقة لوريم إيبسوم لأنها تعطي توزيعاَ طبيعياَ -إلى حد ما- للأحرف عوضاً عن استخدام \"هنا يوجد محتوى نصي، هنا يوجد محتوى نصي\" فتجعلها تبدو (أي الأحرف) وكأنها نص مقروء. العديد من برامح النشر المكتبي وبرامح تحرير صفحات الويب تستخدم لوريم إيبسوم بشكل إفتراضي كنموذج عن النص، وإذا قمت بإدخال \"lorem ipsum\" في أي محرك بحث ستظهر العديد من المواقع الحديثة العهد في نتائج البحث. على مدى السنين ظهرت نسخ جديدة ومختلفة من نص لوريم إيبسوم، أحياناً عن طريق الصدفة، وأحياناً عن عمد كإدخال بعض العبارات الفكاهية إليها.',NULL,NULL),(71,1,15,'For product № 15  Lorem Ipsum is simply dummy text of the printing and typesetting industry. Lorem Ipsum has been the industry\'s standard dummy text ever since the 1500s, when an unknown printer took a galley of type and scrambled it to make a type specimen book. It has survived not only five centuries, but also the leap into electronic typesetting, remaining essentially unchanged. It was popularised in the 1960s with the release of Letraset sheets containing Lorem Ipsum passages, and more recently with desktop publishing software like Aldus PageMaker including versions of Lorem Ipsum.',NULL,NULL),(72,2,15,'For product № 15  Lorem Ipsum ist ein einfacher Demo-Text für die Print- und Schriftindustrie. Lorem Ipsum ist in der Industrie bereits der Standard Demo-Text seit 1500, als ein unbekannter Schriftsteller eine Hand voll Wörter nahm und diese durcheinander warf um ein Musterbuch zu erstellen. Es hat nicht nur 5 Jahrhunderte überlebt, sondern auch in Spruch in die elektronische Schriftbearbeitung geschafft (bemerke, nahezu unverändert). Bekannt wurde es 1960, mit dem erscheinen von \"Letraset\", welches Passagen von Lorem Ipsum enhielt, so wie Desktop Software wie \"Aldus PageMaker\" - ebenfalls mit Lorem Ipsum.',NULL,NULL),(73,3,15,'For product № 15  Lorem Ipsum, dizgi ve baskı endüstrisinde kullanılan mıgır metinlerdir. Lorem Ipsum, adı bilinmeyen bir matbaacının bir hurufat numune kitabı oluşturmak üzere bir yazı galerisini alarak karıştırdığı 1500\'lerden beri endüstri standardı sahte metinler olarak kullanılmıştır. Beşyüz yıl boyunca varlığını sürdürmekle kalmamış, aynı zamanda pek değişmeden elektronik dizgiye de sıçramıştır. 1960\'larda Lorem Ipsum pasajları da içeren Letraset yapraklarının yayınlanması ile ve yakın zamanda Aldus PageMaker gibi Lorem Ipsum sürümleri içeren masaüstü yayıncılık yazılımları ile popüler olmuştur.',NULL,NULL),(74,4,15,'For product № 15  Lorem Ipsum è un testo segnaposto utilizzato nel settore della tipografia e della stampa. Lorem Ipsum è considerato il testo segnaposto standard sin dal sedicesimo secolo, quando un anonimo tipografo prese una cassetta di caratteri e li assemblò per preparare un testo campione. È sopravvissuto non solo a più di cinque secoli, ma anche al passaggio alla videoimpaginazione, pervenendoci sostanzialmente inalterato. Fu reso popolare, negli anni ’60, con la diffusione dei fogli di caratteri trasferibili “Letraset”, che contenevano passaggi del Lorem Ipsum, e più recentemente da software di impaginazione come Aldus PageMaker, che includeva versioni del Lorem Ipsum.',NULL,NULL),(75,5,15,'For product № 15  هناك حقيقة مثبتة منذ زمن طويل وهي أن المحتوى المقروء لصفحة ما سيلهي القارئ عن التركيز على الشكل الخارجي للنص أو شكل توضع الفقرات في الصفحة التي يقرأها. ولذلك يتم استخدام طريقة لوريم إيبسوم لأنها تعطي توزيعاَ طبيعياَ -إلى حد ما- للأحرف عوضاً عن استخدام \"هنا يوجد محتوى نصي، هنا يوجد محتوى نصي\" فتجعلها تبدو (أي الأحرف) وكأنها نص مقروء. العديد من برامح النشر المكتبي وبرامح تحرير صفحات الويب تستخدم لوريم إيبسوم بشكل إفتراضي كنموذج عن النص، وإذا قمت بإدخال \"lorem ipsum\" في أي محرك بحث ستظهر العديد من المواقع الحديثة العهد في نتائج البحث. على مدى السنين ظهرت نسخ جديدة ومختلفة من نص لوريم إيبسوم، أحياناً عن طريق الصدفة، وأحياناً عن عمد كإدخال بعض العبارات الفكاهية إليها.',NULL,NULL),(76,1,16,'For product № 16  Lorem Ipsum is simply dummy text of the printing and typesetting industry. Lorem Ipsum has been the industry\'s standard dummy text ever since the 1500s, when an unknown printer took a galley of type and scrambled it to make a type specimen book. It has survived not only five centuries, but also the leap into electronic typesetting, remaining essentially unchanged. It was popularised in the 1960s with the release of Letraset sheets containing Lorem Ipsum passages, and more recently with desktop publishing software like Aldus PageMaker including versions of Lorem Ipsum.',NULL,NULL),(77,2,16,'For product № 16  Lorem Ipsum ist ein einfacher Demo-Text für die Print- und Schriftindustrie. Lorem Ipsum ist in der Industrie bereits der Standard Demo-Text seit 1500, als ein unbekannter Schriftsteller eine Hand voll Wörter nahm und diese durcheinander warf um ein Musterbuch zu erstellen. Es hat nicht nur 5 Jahrhunderte überlebt, sondern auch in Spruch in die elektronische Schriftbearbeitung geschafft (bemerke, nahezu unverändert). Bekannt wurde es 1960, mit dem erscheinen von \"Letraset\", welches Passagen von Lorem Ipsum enhielt, so wie Desktop Software wie \"Aldus PageMaker\" - ebenfalls mit Lorem Ipsum.',NULL,NULL),(78,3,16,'For product № 16  Lorem Ipsum, dizgi ve baskı endüstrisinde kullanılan mıgır metinlerdir. Lorem Ipsum, adı bilinmeyen bir matbaacının bir hurufat numune kitabı oluşturmak üzere bir yazı galerisini alarak karıştırdığı 1500\'lerden beri endüstri standardı sahte metinler olarak kullanılmıştır. Beşyüz yıl boyunca varlığını sürdürmekle kalmamış, aynı zamanda pek değişmeden elektronik dizgiye de sıçramıştır. 1960\'larda Lorem Ipsum pasajları da içeren Letraset yapraklarının yayınlanması ile ve yakın zamanda Aldus PageMaker gibi Lorem Ipsum sürümleri içeren masaüstü yayıncılık yazılımları ile popüler olmuştur.',NULL,NULL),(79,4,16,'For product № 16  Lorem Ipsum è un testo segnaposto utilizzato nel settore della tipografia e della stampa. Lorem Ipsum è considerato il testo segnaposto standard sin dal sedicesimo secolo, quando un anonimo tipografo prese una cassetta di caratteri e li assemblò per preparare un testo campione. È sopravvissuto non solo a più di cinque secoli, ma anche al passaggio alla videoimpaginazione, pervenendoci sostanzialmente inalterato. Fu reso popolare, negli anni ’60, con la diffusione dei fogli di caratteri trasferibili “Letraset”, che contenevano passaggi del Lorem Ipsum, e più recentemente da software di impaginazione come Aldus PageMaker, che includeva versioni del Lorem Ipsum.',NULL,NULL),(80,5,16,'For product № 16  هناك حقيقة مثبتة منذ زمن طويل وهي أن المحتوى المقروء لصفحة ما سيلهي القارئ عن التركيز على الشكل الخارجي للنص أو شكل توضع الفقرات في الصفحة التي يقرأها. ولذلك يتم استخدام طريقة لوريم إيبسوم لأنها تعطي توزيعاَ طبيعياَ -إلى حد ما- للأحرف عوضاً عن استخدام \"هنا يوجد محتوى نصي، هنا يوجد محتوى نصي\" فتجعلها تبدو (أي الأحرف) وكأنها نص مقروء. العديد من برامح النشر المكتبي وبرامح تحرير صفحات الويب تستخدم لوريم إيبسوم بشكل إفتراضي كنموذج عن النص، وإذا قمت بإدخال \"lorem ipsum\" في أي محرك بحث ستظهر العديد من المواقع الحديثة العهد في نتائج البحث. على مدى السنين ظهرت نسخ جديدة ومختلفة من نص لوريم إيبسوم، أحياناً عن طريق الصدفة، وأحياناً عن عمد كإدخال بعض العبارات الفكاهية إليها.',NULL,NULL),(81,1,17,'For product № 17  Lorem Ipsum is simply dummy text of the printing and typesetting industry. Lorem Ipsum has been the industry\'s standard dummy text ever since the 1500s, when an unknown printer took a galley of type and scrambled it to make a type specimen book. It has survived not only five centuries, but also the leap into electronic typesetting, remaining essentially unchanged. It was popularised in the 1960s with the release of Letraset sheets containing Lorem Ipsum passages, and more recently with desktop publishing software like Aldus PageMaker including versions of Lorem Ipsum.',NULL,NULL),(82,2,17,'For product № 17  Lorem Ipsum ist ein einfacher Demo-Text für die Print- und Schriftindustrie. Lorem Ipsum ist in der Industrie bereits der Standard Demo-Text seit 1500, als ein unbekannter Schriftsteller eine Hand voll Wörter nahm und diese durcheinander warf um ein Musterbuch zu erstellen. Es hat nicht nur 5 Jahrhunderte überlebt, sondern auch in Spruch in die elektronische Schriftbearbeitung geschafft (bemerke, nahezu unverändert). Bekannt wurde es 1960, mit dem erscheinen von \"Letraset\", welches Passagen von Lorem Ipsum enhielt, so wie Desktop Software wie \"Aldus PageMaker\" - ebenfalls mit Lorem Ipsum.',NULL,NULL),(83,3,17,'For product № 17  Lorem Ipsum, dizgi ve baskı endüstrisinde kullanılan mıgır metinlerdir. Lorem Ipsum, adı bilinmeyen bir matbaacının bir hurufat numune kitabı oluşturmak üzere bir yazı galerisini alarak karıştırdığı 1500\'lerden beri endüstri standardı sahte metinler olarak kullanılmıştır. Beşyüz yıl boyunca varlığını sürdürmekle kalmamış, aynı zamanda pek değişmeden elektronik dizgiye de sıçramıştır. 1960\'larda Lorem Ipsum pasajları da içeren Letraset yapraklarının yayınlanması ile ve yakın zamanda Aldus PageMaker gibi Lorem Ipsum sürümleri içeren masaüstü yayıncılık yazılımları ile popüler olmuştur.',NULL,NULL),(84,4,17,'For product № 17  Lorem Ipsum è un testo segnaposto utilizzato nel settore della tipografia e della stampa. Lorem Ipsum è considerato il testo segnaposto standard sin dal sedicesimo secolo, quando un anonimo tipografo prese una cassetta di caratteri e li assemblò per preparare un testo campione. È sopravvissuto non solo a più di cinque secoli, ma anche al passaggio alla videoimpaginazione, pervenendoci sostanzialmente inalterato. Fu reso popolare, negli anni ’60, con la diffusione dei fogli di caratteri trasferibili “Letraset”, che contenevano passaggi del Lorem Ipsum, e più recentemente da software di impaginazione come Aldus PageMaker, che includeva versioni del Lorem Ipsum.',NULL,NULL),(85,5,17,'For product № 17  هناك حقيقة مثبتة منذ زمن طويل وهي أن المحتوى المقروء لصفحة ما سيلهي القارئ عن التركيز على الشكل الخارجي للنص أو شكل توضع الفقرات في الصفحة التي يقرأها. ولذلك يتم استخدام طريقة لوريم إيبسوم لأنها تعطي توزيعاَ طبيعياَ -إلى حد ما- للأحرف عوضاً عن استخدام \"هنا يوجد محتوى نصي، هنا يوجد محتوى نصي\" فتجعلها تبدو (أي الأحرف) وكأنها نص مقروء. العديد من برامح النشر المكتبي وبرامح تحرير صفحات الويب تستخدم لوريم إيبسوم بشكل إفتراضي كنموذج عن النص، وإذا قمت بإدخال \"lorem ipsum\" في أي محرك بحث ستظهر العديد من المواقع الحديثة العهد في نتائج البحث. على مدى السنين ظهرت نسخ جديدة ومختلفة من نص لوريم إيبسوم، أحياناً عن طريق الصدفة، وأحياناً عن عمد كإدخال بعض العبارات الفكاهية إليها.',NULL,NULL),(86,1,18,'For product № 18  Lorem Ipsum is simply dummy text of the printing and typesetting industry. Lorem Ipsum has been the industry\'s standard dummy text ever since the 1500s, when an unknown printer took a galley of type and scrambled it to make a type specimen book. It has survived not only five centuries, but also the leap into electronic typesetting, remaining essentially unchanged. It was popularised in the 1960s with the release of Letraset sheets containing Lorem Ipsum passages, and more recently with desktop publishing software like Aldus PageMaker including versions of Lorem Ipsum.',NULL,NULL),(87,2,18,'For product № 18  Lorem Ipsum ist ein einfacher Demo-Text für die Print- und Schriftindustrie. Lorem Ipsum ist in der Industrie bereits der Standard Demo-Text seit 1500, als ein unbekannter Schriftsteller eine Hand voll Wörter nahm und diese durcheinander warf um ein Musterbuch zu erstellen. Es hat nicht nur 5 Jahrhunderte überlebt, sondern auch in Spruch in die elektronische Schriftbearbeitung geschafft (bemerke, nahezu unverändert). Bekannt wurde es 1960, mit dem erscheinen von \"Letraset\", welches Passagen von Lorem Ipsum enhielt, so wie Desktop Software wie \"Aldus PageMaker\" - ebenfalls mit Lorem Ipsum.',NULL,NULL),(88,3,18,'For product № 18  Lorem Ipsum, dizgi ve baskı endüstrisinde kullanılan mıgır metinlerdir. Lorem Ipsum, adı bilinmeyen bir matbaacının bir hurufat numune kitabı oluşturmak üzere bir yazı galerisini alarak karıştırdığı 1500\'lerden beri endüstri standardı sahte metinler olarak kullanılmıştır. Beşyüz yıl boyunca varlığını sürdürmekle kalmamış, aynı zamanda pek değişmeden elektronik dizgiye de sıçramıştır. 1960\'larda Lorem Ipsum pasajları da içeren Letraset yapraklarının yayınlanması ile ve yakın zamanda Aldus PageMaker gibi Lorem Ipsum sürümleri içeren masaüstü yayıncılık yazılımları ile popüler olmuştur.',NULL,NULL),(89,4,18,'For product № 18  Lorem Ipsum è un testo segnaposto utilizzato nel settore della tipografia e della stampa. Lorem Ipsum è considerato il testo segnaposto standard sin dal sedicesimo secolo, quando un anonimo tipografo prese una cassetta di caratteri e li assemblò per preparare un testo campione. È sopravvissuto non solo a più di cinque secoli, ma anche al passaggio alla videoimpaginazione, pervenendoci sostanzialmente inalterato. Fu reso popolare, negli anni ’60, con la diffusione dei fogli di caratteri trasferibili “Letraset”, che contenevano passaggi del Lorem Ipsum, e più recentemente da software di impaginazione come Aldus PageMaker, che includeva versioni del Lorem Ipsum.',NULL,NULL),(90,5,18,'For product № 18  هناك حقيقة مثبتة منذ زمن طويل وهي أن المحتوى المقروء لصفحة ما سيلهي القارئ عن التركيز على الشكل الخارجي للنص أو شكل توضع الفقرات في الصفحة التي يقرأها. ولذلك يتم استخدام طريقة لوريم إيبسوم لأنها تعطي توزيعاَ طبيعياَ -إلى حد ما- للأحرف عوضاً عن استخدام \"هنا يوجد محتوى نصي، هنا يوجد محتوى نصي\" فتجعلها تبدو (أي الأحرف) وكأنها نص مقروء. العديد من برامح النشر المكتبي وبرامح تحرير صفحات الويب تستخدم لوريم إيبسوم بشكل إفتراضي كنموذج عن النص، وإذا قمت بإدخال \"lorem ipsum\" في أي محرك بحث ستظهر العديد من المواقع الحديثة العهد في نتائج البحث. على مدى السنين ظهرت نسخ جديدة ومختلفة من نص لوريم إيبسوم، أحياناً عن طريق الصدفة، وأحياناً عن عمد كإدخال بعض العبارات الفكاهية إليها.',NULL,NULL),(91,1,19,'For product № 19  Lorem Ipsum is simply dummy text of the printing and typesetting industry. Lorem Ipsum has been the industry\'s standard dummy text ever since the 1500s, when an unknown printer took a galley of type and scrambled it to make a type specimen book. It has survived not only five centuries, but also the leap into electronic typesetting, remaining essentially unchanged. It was popularised in the 1960s with the release of Letraset sheets containing Lorem Ipsum passages, and more recently with desktop publishing software like Aldus PageMaker including versions of Lorem Ipsum.',NULL,NULL),(92,2,19,'For product № 19  Lorem Ipsum ist ein einfacher Demo-Text für die Print- und Schriftindustrie. Lorem Ipsum ist in der Industrie bereits der Standard Demo-Text seit 1500, als ein unbekannter Schriftsteller eine Hand voll Wörter nahm und diese durcheinander warf um ein Musterbuch zu erstellen. Es hat nicht nur 5 Jahrhunderte überlebt, sondern auch in Spruch in die elektronische Schriftbearbeitung geschafft (bemerke, nahezu unverändert). Bekannt wurde es 1960, mit dem erscheinen von \"Letraset\", welches Passagen von Lorem Ipsum enhielt, so wie Desktop Software wie \"Aldus PageMaker\" - ebenfalls mit Lorem Ipsum.',NULL,NULL),(93,3,19,'For product № 19  Lorem Ipsum, dizgi ve baskı endüstrisinde kullanılan mıgır metinlerdir. Lorem Ipsum, adı bilinmeyen bir matbaacının bir hurufat numune kitabı oluşturmak üzere bir yazı galerisini alarak karıştırdığı 1500\'lerden beri endüstri standardı sahte metinler olarak kullanılmıştır. Beşyüz yıl boyunca varlığını sürdürmekle kalmamış, aynı zamanda pek değişmeden elektronik dizgiye de sıçramıştır. 1960\'larda Lorem Ipsum pasajları da içeren Letraset yapraklarının yayınlanması ile ve yakın zamanda Aldus PageMaker gibi Lorem Ipsum sürümleri içeren masaüstü yayıncılık yazılımları ile popüler olmuştur.',NULL,NULL),(94,4,19,'For product № 19  Lorem Ipsum è un testo segnaposto utilizzato nel settore della tipografia e della stampa. Lorem Ipsum è considerato il testo segnaposto standard sin dal sedicesimo secolo, quando un anonimo tipografo prese una cassetta di caratteri e li assemblò per preparare un testo campione. È sopravvissuto non solo a più di cinque secoli, ma anche al passaggio alla videoimpaginazione, pervenendoci sostanzialmente inalterato. Fu reso popolare, negli anni ’60, con la diffusione dei fogli di caratteri trasferibili “Letraset”, che contenevano passaggi del Lorem Ipsum, e più recentemente da software di impaginazione come Aldus PageMaker, che includeva versioni del Lorem Ipsum.',NULL,NULL),(95,5,19,'For product № 19  هناك حقيقة مثبتة منذ زمن طويل وهي أن المحتوى المقروء لصفحة ما سيلهي القارئ عن التركيز على الشكل الخارجي للنص أو شكل توضع الفقرات في الصفحة التي يقرأها. ولذلك يتم استخدام طريقة لوريم إيبسوم لأنها تعطي توزيعاَ طبيعياَ -إلى حد ما- للأحرف عوضاً عن استخدام \"هنا يوجد محتوى نصي، هنا يوجد محتوى نصي\" فتجعلها تبدو (أي الأحرف) وكأنها نص مقروء. العديد من برامح النشر المكتبي وبرامح تحرير صفحات الويب تستخدم لوريم إيبسوم بشكل إفتراضي كنموذج عن النص، وإذا قمت بإدخال \"lorem ipsum\" في أي محرك بحث ستظهر العديد من المواقع الحديثة العهد في نتائج البحث. على مدى السنين ظهرت نسخ جديدة ومختلفة من نص لوريم إيبسوم، أحياناً عن طريق الصدفة، وأحياناً عن عمد كإدخال بعض العبارات الفكاهية إليها.',NULL,NULL),(96,1,20,'For product № 20  Lorem Ipsum is simply dummy text of the printing and typesetting industry. Lorem Ipsum has been the industry\'s standard dummy text ever since the 1500s, when an unknown printer took a galley of type and scrambled it to make a type specimen book. It has survived not only five centuries, but also the leap into electronic typesetting, remaining essentially unchanged. It was popularised in the 1960s with the release of Letraset sheets containing Lorem Ipsum passages, and more recently with desktop publishing software like Aldus PageMaker including versions of Lorem Ipsum.',NULL,NULL),(97,2,20,'For product № 20  Lorem Ipsum ist ein einfacher Demo-Text für die Print- und Schriftindustrie. Lorem Ipsum ist in der Industrie bereits der Standard Demo-Text seit 1500, als ein unbekannter Schriftsteller eine Hand voll Wörter nahm und diese durcheinander warf um ein Musterbuch zu erstellen. Es hat nicht nur 5 Jahrhunderte überlebt, sondern auch in Spruch in die elektronische Schriftbearbeitung geschafft (bemerke, nahezu unverändert). Bekannt wurde es 1960, mit dem erscheinen von \"Letraset\", welches Passagen von Lorem Ipsum enhielt, so wie Desktop Software wie \"Aldus PageMaker\" - ebenfalls mit Lorem Ipsum.',NULL,NULL),(98,3,20,'For product № 20  Lorem Ipsum, dizgi ve baskı endüstrisinde kullanılan mıgır metinlerdir. Lorem Ipsum, adı bilinmeyen bir matbaacının bir hurufat numune kitabı oluşturmak üzere bir yazı galerisini alarak karıştırdığı 1500\'lerden beri endüstri standardı sahte metinler olarak kullanılmıştır. Beşyüz yıl boyunca varlığını sürdürmekle kalmamış, aynı zamanda pek değişmeden elektronik dizgiye de sıçramıştır. 1960\'larda Lorem Ipsum pasajları da içeren Letraset yapraklarının yayınlanması ile ve yakın zamanda Aldus PageMaker gibi Lorem Ipsum sürümleri içeren masaüstü yayıncılık yazılımları ile popüler olmuştur.',NULL,NULL),(99,4,20,'For product № 20  Lorem Ipsum è un testo segnaposto utilizzato nel settore della tipografia e della stampa. Lorem Ipsum è considerato il testo segnaposto standard sin dal sedicesimo secolo, quando un anonimo tipografo prese una cassetta di caratteri e li assemblò per preparare un testo campione. È sopravvissuto non solo a più di cinque secoli, ma anche al passaggio alla videoimpaginazione, pervenendoci sostanzialmente inalterato. Fu reso popolare, negli anni ’60, con la diffusione dei fogli di caratteri trasferibili “Letraset”, che contenevano passaggi del Lorem Ipsum, e più recentemente da software di impaginazione come Aldus PageMaker, che includeva versioni del Lorem Ipsum.',NULL,NULL),(100,5,20,'For product № 20  هناك حقيقة مثبتة منذ زمن طويل وهي أن المحتوى المقروء لصفحة ما سيلهي القارئ عن التركيز على الشكل الخارجي للنص أو شكل توضع الفقرات في الصفحة التي يقرأها. ولذلك يتم استخدام طريقة لوريم إيبسوم لأنها تعطي توزيعاَ طبيعياَ -إلى حد ما- للأحرف عوضاً عن استخدام \"هنا يوجد محتوى نصي، هنا يوجد محتوى نصي\" فتجعلها تبدو (أي الأحرف) وكأنها نص مقروء. العديد من برامح النشر المكتبي وبرامح تحرير صفحات الويب تستخدم لوريم إيبسوم بشكل إفتراضي كنموذج عن النص، وإذا قمت بإدخال \"lorem ipsum\" في أي محرك بحث ستظهر العديد من المواقع الحديثة العهد في نتائج البحث. على مدى السنين ظهرت نسخ جديدة ومختلفة من نص لوريم إيبسوم، أحياناً عن طريق الصدفة، وأحياناً عن عمد كإدخال بعض العبارات الفكاهية إليها.',NULL,NULL),(101,1,21,'For product № 21  Lorem Ipsum is simply dummy text of the printing and typesetting industry. Lorem Ipsum has been the industry\'s standard dummy text ever since the 1500s, when an unknown printer took a galley of type and scrambled it to make a type specimen book. It has survived not only five centuries, but also the leap into electronic typesetting, remaining essentially unchanged. It was popularised in the 1960s with the release of Letraset sheets containing Lorem Ipsum passages, and more recently with desktop publishing software like Aldus PageMaker including versions of Lorem Ipsum.',NULL,NULL),(102,2,21,'For product № 21  Lorem Ipsum ist ein einfacher Demo-Text für die Print- und Schriftindustrie. Lorem Ipsum ist in der Industrie bereits der Standard Demo-Text seit 1500, als ein unbekannter Schriftsteller eine Hand voll Wörter nahm und diese durcheinander warf um ein Musterbuch zu erstellen. Es hat nicht nur 5 Jahrhunderte überlebt, sondern auch in Spruch in die elektronische Schriftbearbeitung geschafft (bemerke, nahezu unverändert). Bekannt wurde es 1960, mit dem erscheinen von \"Letraset\", welches Passagen von Lorem Ipsum enhielt, so wie Desktop Software wie \"Aldus PageMaker\" - ebenfalls mit Lorem Ipsum.',NULL,NULL),(103,3,21,'For product № 21  Lorem Ipsum, dizgi ve baskı endüstrisinde kullanılan mıgır metinlerdir. Lorem Ipsum, adı bilinmeyen bir matbaacının bir hurufat numune kitabı oluşturmak üzere bir yazı galerisini alarak karıştırdığı 1500\'lerden beri endüstri standardı sahte metinler olarak kullanılmıştır. Beşyüz yıl boyunca varlığını sürdürmekle kalmamış, aynı zamanda pek değişmeden elektronik dizgiye de sıçramıştır. 1960\'larda Lorem Ipsum pasajları da içeren Letraset yapraklarının yayınlanması ile ve yakın zamanda Aldus PageMaker gibi Lorem Ipsum sürümleri içeren masaüstü yayıncılık yazılımları ile popüler olmuştur.',NULL,NULL),(104,4,21,'For product № 21  Lorem Ipsum è un testo segnaposto utilizzato nel settore della tipografia e della stampa. Lorem Ipsum è considerato il testo segnaposto standard sin dal sedicesimo secolo, quando un anonimo tipografo prese una cassetta di caratteri e li assemblò per preparare un testo campione. È sopravvissuto non solo a più di cinque secoli, ma anche al passaggio alla videoimpaginazione, pervenendoci sostanzialmente inalterato. Fu reso popolare, negli anni ’60, con la diffusione dei fogli di caratteri trasferibili “Letraset”, che contenevano passaggi del Lorem Ipsum, e più recentemente da software di impaginazione come Aldus PageMaker, che includeva versioni del Lorem Ipsum.',NULL,NULL),(105,5,21,'For product № 21  هناك حقيقة مثبتة منذ زمن طويل وهي أن المحتوى المقروء لصفحة ما سيلهي القارئ عن التركيز على الشكل الخارجي للنص أو شكل توضع الفقرات في الصفحة التي يقرأها. ولذلك يتم استخدام طريقة لوريم إيبسوم لأنها تعطي توزيعاَ طبيعياَ -إلى حد ما- للأحرف عوضاً عن استخدام \"هنا يوجد محتوى نصي، هنا يوجد محتوى نصي\" فتجعلها تبدو (أي الأحرف) وكأنها نص مقروء. العديد من برامح النشر المكتبي وبرامح تحرير صفحات الويب تستخدم لوريم إيبسوم بشكل إفتراضي كنموذج عن النص، وإذا قمت بإدخال \"lorem ipsum\" في أي محرك بحث ستظهر العديد من المواقع الحديثة العهد في نتائج البحث. على مدى السنين ظهرت نسخ جديدة ومختلفة من نص لوريم إيبسوم، أحياناً عن طريق الصدفة، وأحياناً عن عمد كإدخال بعض العبارات الفكاهية إليها.',NULL,NULL),(106,1,22,'For product № 22  Lorem Ipsum is simply dummy text of the printing and typesetting industry. Lorem Ipsum has been the industry\'s standard dummy text ever since the 1500s, when an unknown printer took a galley of type and scrambled it to make a type specimen book. It has survived not only five centuries, but also the leap into electronic typesetting, remaining essentially unchanged. It was popularised in the 1960s with the release of Letraset sheets containing Lorem Ipsum passages, and more recently with desktop publishing software like Aldus PageMaker including versions of Lorem Ipsum.',NULL,NULL),(107,2,22,'For product № 22  Lorem Ipsum ist ein einfacher Demo-Text für die Print- und Schriftindustrie. Lorem Ipsum ist in der Industrie bereits der Standard Demo-Text seit 1500, als ein unbekannter Schriftsteller eine Hand voll Wörter nahm und diese durcheinander warf um ein Musterbuch zu erstellen. Es hat nicht nur 5 Jahrhunderte überlebt, sondern auch in Spruch in die elektronische Schriftbearbeitung geschafft (bemerke, nahezu unverändert). Bekannt wurde es 1960, mit dem erscheinen von \"Letraset\", welches Passagen von Lorem Ipsum enhielt, so wie Desktop Software wie \"Aldus PageMaker\" - ebenfalls mit Lorem Ipsum.',NULL,NULL),(108,3,22,'For product № 22  Lorem Ipsum, dizgi ve baskı endüstrisinde kullanılan mıgır metinlerdir. Lorem Ipsum, adı bilinmeyen bir matbaacının bir hurufat numune kitabı oluşturmak üzere bir yazı galerisini alarak karıştırdığı 1500\'lerden beri endüstri standardı sahte metinler olarak kullanılmıştır. Beşyüz yıl boyunca varlığını sürdürmekle kalmamış, aynı zamanda pek değişmeden elektronik dizgiye de sıçramıştır. 1960\'larda Lorem Ipsum pasajları da içeren Letraset yapraklarının yayınlanması ile ve yakın zamanda Aldus PageMaker gibi Lorem Ipsum sürümleri içeren masaüstü yayıncılık yazılımları ile popüler olmuştur.',NULL,NULL),(109,4,22,'For product № 22  Lorem Ipsum è un testo segnaposto utilizzato nel settore della tipografia e della stampa. Lorem Ipsum è considerato il testo segnaposto standard sin dal sedicesimo secolo, quando un anonimo tipografo prese una cassetta di caratteri e li assemblò per preparare un testo campione. È sopravvissuto non solo a più di cinque secoli, ma anche al passaggio alla videoimpaginazione, pervenendoci sostanzialmente inalterato. Fu reso popolare, negli anni ’60, con la diffusione dei fogli di caratteri trasferibili “Letraset”, che contenevano passaggi del Lorem Ipsum, e più recentemente da software di impaginazione come Aldus PageMaker, che includeva versioni del Lorem Ipsum.',NULL,NULL),(110,5,22,'For product № 22  هناك حقيقة مثبتة منذ زمن طويل وهي أن المحتوى المقروء لصفحة ما سيلهي القارئ عن التركيز على الشكل الخارجي للنص أو شكل توضع الفقرات في الصفحة التي يقرأها. ولذلك يتم استخدام طريقة لوريم إيبسوم لأنها تعطي توزيعاَ طبيعياَ -إلى حد ما- للأحرف عوضاً عن استخدام \"هنا يوجد محتوى نصي، هنا يوجد محتوى نصي\" فتجعلها تبدو (أي الأحرف) وكأنها نص مقروء. العديد من برامح النشر المكتبي وبرامح تحرير صفحات الويب تستخدم لوريم إيبسوم بشكل إفتراضي كنموذج عن النص، وإذا قمت بإدخال \"lorem ipsum\" في أي محرك بحث ستظهر العديد من المواقع الحديثة العهد في نتائج البحث. على مدى السنين ظهرت نسخ جديدة ومختلفة من نص لوريم إيبسوم، أحياناً عن طريق الصدفة، وأحياناً عن عمد كإدخال بعض العبارات الفكاهية إليها.',NULL,NULL),(111,1,23,'For product № 23  Lorem Ipsum is simply dummy text of the printing and typesetting industry. Lorem Ipsum has been the industry\'s standard dummy text ever since the 1500s, when an unknown printer took a galley of type and scrambled it to make a type specimen book. It has survived not only five centuries, but also the leap into electronic typesetting, remaining essentially unchanged. It was popularised in the 1960s with the release of Letraset sheets containing Lorem Ipsum passages, and more recently with desktop publishing software like Aldus PageMaker including versions of Lorem Ipsum.',NULL,NULL),(112,2,23,'For product № 23  Lorem Ipsum ist ein einfacher Demo-Text für die Print- und Schriftindustrie. Lorem Ipsum ist in der Industrie bereits der Standard Demo-Text seit 1500, als ein unbekannter Schriftsteller eine Hand voll Wörter nahm und diese durcheinander warf um ein Musterbuch zu erstellen. Es hat nicht nur 5 Jahrhunderte überlebt, sondern auch in Spruch in die elektronische Schriftbearbeitung geschafft (bemerke, nahezu unverändert). Bekannt wurde es 1960, mit dem erscheinen von \"Letraset\", welches Passagen von Lorem Ipsum enhielt, so wie Desktop Software wie \"Aldus PageMaker\" - ebenfalls mit Lorem Ipsum.',NULL,NULL),(113,3,23,'For product № 23  Lorem Ipsum, dizgi ve baskı endüstrisinde kullanılan mıgır metinlerdir. Lorem Ipsum, adı bilinmeyen bir matbaacının bir hurufat numune kitabı oluşturmak üzere bir yazı galerisini alarak karıştırdığı 1500\'lerden beri endüstri standardı sahte metinler olarak kullanılmıştır. Beşyüz yıl boyunca varlığını sürdürmekle kalmamış, aynı zamanda pek değişmeden elektronik dizgiye de sıçramıştır. 1960\'larda Lorem Ipsum pasajları da içeren Letraset yapraklarının yayınlanması ile ve yakın zamanda Aldus PageMaker gibi Lorem Ipsum sürümleri içeren masaüstü yayıncılık yazılımları ile popüler olmuştur.',NULL,NULL),(114,4,23,'For product № 23  Lorem Ipsum è un testo segnaposto utilizzato nel settore della tipografia e della stampa. Lorem Ipsum è considerato il testo segnaposto standard sin dal sedicesimo secolo, quando un anonimo tipografo prese una cassetta di caratteri e li assemblò per preparare un testo campione. È sopravvissuto non solo a più di cinque secoli, ma anche al passaggio alla videoimpaginazione, pervenendoci sostanzialmente inalterato. Fu reso popolare, negli anni ’60, con la diffusione dei fogli di caratteri trasferibili “Letraset”, che contenevano passaggi del Lorem Ipsum, e più recentemente da software di impaginazione come Aldus PageMaker, che includeva versioni del Lorem Ipsum.',NULL,NULL),(115,5,23,'For product № 23  هناك حقيقة مثبتة منذ زمن طويل وهي أن المحتوى المقروء لصفحة ما سيلهي القارئ عن التركيز على الشكل الخارجي للنص أو شكل توضع الفقرات في الصفحة التي يقرأها. ولذلك يتم استخدام طريقة لوريم إيبسوم لأنها تعطي توزيعاَ طبيعياَ -إلى حد ما- للأحرف عوضاً عن استخدام \"هنا يوجد محتوى نصي، هنا يوجد محتوى نصي\" فتجعلها تبدو (أي الأحرف) وكأنها نص مقروء. العديد من برامح النشر المكتبي وبرامح تحرير صفحات الويب تستخدم لوريم إيبسوم بشكل إفتراضي كنموذج عن النص، وإذا قمت بإدخال \"lorem ipsum\" في أي محرك بحث ستظهر العديد من المواقع الحديثة العهد في نتائج البحث. على مدى السنين ظهرت نسخ جديدة ومختلفة من نص لوريم إيبسوم، أحياناً عن طريق الصدفة، وأحياناً عن عمد كإدخال بعض العبارات الفكاهية إليها.',NULL,NULL),(116,1,24,'For product № 24  Lorem Ipsum is simply dummy text of the printing and typesetting industry. Lorem Ipsum has been the industry\'s standard dummy text ever since the 1500s, when an unknown printer took a galley of type and scrambled it to make a type specimen book. It has survived not only five centuries, but also the leap into electronic typesetting, remaining essentially unchanged. It was popularised in the 1960s with the release of Letraset sheets containing Lorem Ipsum passages, and more recently with desktop publishing software like Aldus PageMaker including versions of Lorem Ipsum.',NULL,NULL),(117,2,24,'For product № 24  Lorem Ipsum ist ein einfacher Demo-Text für die Print- und Schriftindustrie. Lorem Ipsum ist in der Industrie bereits der Standard Demo-Text seit 1500, als ein unbekannter Schriftsteller eine Hand voll Wörter nahm und diese durcheinander warf um ein Musterbuch zu erstellen. Es hat nicht nur 5 Jahrhunderte überlebt, sondern auch in Spruch in die elektronische Schriftbearbeitung geschafft (bemerke, nahezu unverändert). Bekannt wurde es 1960, mit dem erscheinen von \"Letraset\", welches Passagen von Lorem Ipsum enhielt, so wie Desktop Software wie \"Aldus PageMaker\" - ebenfalls mit Lorem Ipsum.',NULL,NULL),(118,3,24,'For product № 24  Lorem Ipsum, dizgi ve baskı endüstrisinde kullanılan mıgır metinlerdir. Lorem Ipsum, adı bilinmeyen bir matbaacının bir hurufat numune kitabı oluşturmak üzere bir yazı galerisini alarak karıştırdığı 1500\'lerden beri endüstri standardı sahte metinler olarak kullanılmıştır. Beşyüz yıl boyunca varlığını sürdürmekle kalmamış, aynı zamanda pek değişmeden elektronik dizgiye de sıçramıştır. 1960\'larda Lorem Ipsum pasajları da içeren Letraset yapraklarının yayınlanması ile ve yakın zamanda Aldus PageMaker gibi Lorem Ipsum sürümleri içeren masaüstü yayıncılık yazılımları ile popüler olmuştur.',NULL,NULL),(119,4,24,'For product № 24  Lorem Ipsum è un testo segnaposto utilizzato nel settore della tipografia e della stampa. Lorem Ipsum è considerato il testo segnaposto standard sin dal sedicesimo secolo, quando un anonimo tipografo prese una cassetta di caratteri e li assemblò per preparare un testo campione. È sopravvissuto non solo a più di cinque secoli, ma anche al passaggio alla videoimpaginazione, pervenendoci sostanzialmente inalterato. Fu reso popolare, negli anni ’60, con la diffusione dei fogli di caratteri trasferibili “Letraset”, che contenevano passaggi del Lorem Ipsum, e più recentemente da software di impaginazione come Aldus PageMaker, che includeva versioni del Lorem Ipsum.',NULL,NULL),(120,5,24,'For product № 24  هناك حقيقة مثبتة منذ زمن طويل وهي أن المحتوى المقروء لصفحة ما سيلهي القارئ عن التركيز على الشكل الخارجي للنص أو شكل توضع الفقرات في الصفحة التي يقرأها. ولذلك يتم استخدام طريقة لوريم إيبسوم لأنها تعطي توزيعاَ طبيعياَ -إلى حد ما- للأحرف عوضاً عن استخدام \"هنا يوجد محتوى نصي، هنا يوجد محتوى نصي\" فتجعلها تبدو (أي الأحرف) وكأنها نص مقروء. العديد من برامح النشر المكتبي وبرامح تحرير صفحات الويب تستخدم لوريم إيبسوم بشكل إفتراضي كنموذج عن النص، وإذا قمت بإدخال \"lorem ipsum\" في أي محرك بحث ستظهر العديد من المواقع الحديثة العهد في نتائج البحث. على مدى السنين ظهرت نسخ جديدة ومختلفة من نص لوريم إيبسوم، أحياناً عن طريق الصدفة، وأحياناً عن عمد كإدخال بعض العبارات الفكاهية إليها.',NULL,NULL),(121,1,25,'For product № 25  Lorem Ipsum is simply dummy text of the printing and typesetting industry. Lorem Ipsum has been the industry\'s standard dummy text ever since the 1500s, when an unknown printer took a galley of type and scrambled it to make a type specimen book. It has survived not only five centuries, but also the leap into electronic typesetting, remaining essentially unchanged. It was popularised in the 1960s with the release of Letraset sheets containing Lorem Ipsum passages, and more recently with desktop publishing software like Aldus PageMaker including versions of Lorem Ipsum.',NULL,NULL),(122,2,25,'For product № 25  Lorem Ipsum ist ein einfacher Demo-Text für die Print- und Schriftindustrie. Lorem Ipsum ist in der Industrie bereits der Standard Demo-Text seit 1500, als ein unbekannter Schriftsteller eine Hand voll Wörter nahm und diese durcheinander warf um ein Musterbuch zu erstellen. Es hat nicht nur 5 Jahrhunderte überlebt, sondern auch in Spruch in die elektronische Schriftbearbeitung geschafft (bemerke, nahezu unverändert). Bekannt wurde es 1960, mit dem erscheinen von \"Letraset\", welches Passagen von Lorem Ipsum enhielt, so wie Desktop Software wie \"Aldus PageMaker\" - ebenfalls mit Lorem Ipsum.',NULL,NULL),(123,3,25,'For product № 25  Lorem Ipsum, dizgi ve baskı endüstrisinde kullanılan mıgır metinlerdir. Lorem Ipsum, adı bilinmeyen bir matbaacının bir hurufat numune kitabı oluşturmak üzere bir yazı galerisini alarak karıştırdığı 1500\'lerden beri endüstri standardı sahte metinler olarak kullanılmıştır. Beşyüz yıl boyunca varlığını sürdürmekle kalmamış, aynı zamanda pek değişmeden elektronik dizgiye de sıçramıştır. 1960\'larda Lorem Ipsum pasajları da içeren Letraset yapraklarının yayınlanması ile ve yakın zamanda Aldus PageMaker gibi Lorem Ipsum sürümleri içeren masaüstü yayıncılık yazılımları ile popüler olmuştur.',NULL,NULL),(124,4,25,'For product № 25  Lorem Ipsum è un testo segnaposto utilizzato nel settore della tipografia e della stampa. Lorem Ipsum è considerato il testo segnaposto standard sin dal sedicesimo secolo, quando un anonimo tipografo prese una cassetta di caratteri e li assemblò per preparare un testo campione. È sopravvissuto non solo a più di cinque secoli, ma anche al passaggio alla videoimpaginazione, pervenendoci sostanzialmente inalterato. Fu reso popolare, negli anni ’60, con la diffusione dei fogli di caratteri trasferibili “Letraset”, che contenevano passaggi del Lorem Ipsum, e più recentemente da software di impaginazione come Aldus PageMaker, che includeva versioni del Lorem Ipsum.',NULL,NULL),(125,5,25,'For product № 25  هناك حقيقة مثبتة منذ زمن طويل وهي أن المحتوى المقروء لصفحة ما سيلهي القارئ عن التركيز على الشكل الخارجي للنص أو شكل توضع الفقرات في الصفحة التي يقرأها. ولذلك يتم استخدام طريقة لوريم إيبسوم لأنها تعطي توزيعاَ طبيعياَ -إلى حد ما- للأحرف عوضاً عن استخدام \"هنا يوجد محتوى نصي، هنا يوجد محتوى نصي\" فتجعلها تبدو (أي الأحرف) وكأنها نص مقروء. العديد من برامح النشر المكتبي وبرامح تحرير صفحات الويب تستخدم لوريم إيبسوم بشكل إفتراضي كنموذج عن النص، وإذا قمت بإدخال \"lorem ipsum\" في أي محرك بحث ستظهر العديد من المواقع الحديثة العهد في نتائج البحث. على مدى السنين ظهرت نسخ جديدة ومختلفة من نص لوريم إيبسوم، أحياناً عن طريق الصدفة، وأحياناً عن عمد كإدخال بعض العبارات الفكاهية إليها.',NULL,NULL),(126,1,26,'For product № 26  Lorem Ipsum is simply dummy text of the printing and typesetting industry. Lorem Ipsum has been the industry\'s standard dummy text ever since the 1500s, when an unknown printer took a galley of type and scrambled it to make a type specimen book. It has survived not only five centuries, but also the leap into electronic typesetting, remaining essentially unchanged. It was popularised in the 1960s with the release of Letraset sheets containing Lorem Ipsum passages, and more recently with desktop publishing software like Aldus PageMaker including versions of Lorem Ipsum.',NULL,NULL),(127,2,26,'For product № 26  Lorem Ipsum ist ein einfacher Demo-Text für die Print- und Schriftindustrie. Lorem Ipsum ist in der Industrie bereits der Standard Demo-Text seit 1500, als ein unbekannter Schriftsteller eine Hand voll Wörter nahm und diese durcheinander warf um ein Musterbuch zu erstellen. Es hat nicht nur 5 Jahrhunderte überlebt, sondern auch in Spruch in die elektronische Schriftbearbeitung geschafft (bemerke, nahezu unverändert). Bekannt wurde es 1960, mit dem erscheinen von \"Letraset\", welches Passagen von Lorem Ipsum enhielt, so wie Desktop Software wie \"Aldus PageMaker\" - ebenfalls mit Lorem Ipsum.',NULL,NULL),(128,3,26,'For product № 26  Lorem Ipsum, dizgi ve baskı endüstrisinde kullanılan mıgır metinlerdir. Lorem Ipsum, adı bilinmeyen bir matbaacının bir hurufat numune kitabı oluşturmak üzere bir yazı galerisini alarak karıştırdığı 1500\'lerden beri endüstri standardı sahte metinler olarak kullanılmıştır. Beşyüz yıl boyunca varlığını sürdürmekle kalmamış, aynı zamanda pek değişmeden elektronik dizgiye de sıçramıştır. 1960\'larda Lorem Ipsum pasajları da içeren Letraset yapraklarının yayınlanması ile ve yakın zamanda Aldus PageMaker gibi Lorem Ipsum sürümleri içeren masaüstü yayıncılık yazılımları ile popüler olmuştur.',NULL,NULL),(129,4,26,'For product № 26  Lorem Ipsum è un testo segnaposto utilizzato nel settore della tipografia e della stampa. Lorem Ipsum è considerato il testo segnaposto standard sin dal sedicesimo secolo, quando un anonimo tipografo prese una cassetta di caratteri e li assemblò per preparare un testo campione. È sopravvissuto non solo a più di cinque secoli, ma anche al passaggio alla videoimpaginazione, pervenendoci sostanzialmente inalterato. Fu reso popolare, negli anni ’60, con la diffusione dei fogli di caratteri trasferibili “Letraset”, che contenevano passaggi del Lorem Ipsum, e più recentemente da software di impaginazione come Aldus PageMaker, che includeva versioni del Lorem Ipsum.',NULL,NULL),(130,5,26,'For product № 26  هناك حقيقة مثبتة منذ زمن طويل وهي أن المحتوى المقروء لصفحة ما سيلهي القارئ عن التركيز على الشكل الخارجي للنص أو شكل توضع الفقرات في الصفحة التي يقرأها. ولذلك يتم استخدام طريقة لوريم إيبسوم لأنها تعطي توزيعاَ طبيعياَ -إلى حد ما- للأحرف عوضاً عن استخدام \"هنا يوجد محتوى نصي، هنا يوجد محتوى نصي\" فتجعلها تبدو (أي الأحرف) وكأنها نص مقروء. العديد من برامح النشر المكتبي وبرامح تحرير صفحات الويب تستخدم لوريم إيبسوم بشكل إفتراضي كنموذج عن النص، وإذا قمت بإدخال \"lorem ipsum\" في أي محرك بحث ستظهر العديد من المواقع الحديثة العهد في نتائج البحث. على مدى السنين ظهرت نسخ جديدة ومختلفة من نص لوريم إيبسوم، أحياناً عن طريق الصدفة، وأحياناً عن عمد كإدخال بعض العبارات الفكاهية إليها.',NULL,NULL),(131,1,27,'For product № 27  Lorem Ipsum is simply dummy text of the printing and typesetting industry. Lorem Ipsum has been the industry\'s standard dummy text ever since the 1500s, when an unknown printer took a galley of type and scrambled it to make a type specimen book. It has survived not only five centuries, but also the leap into electronic typesetting, remaining essentially unchanged. It was popularised in the 1960s with the release of Letraset sheets containing Lorem Ipsum passages, and more recently with desktop publishing software like Aldus PageMaker including versions of Lorem Ipsum.',NULL,NULL),(132,2,27,'For product № 27  Lorem Ipsum ist ein einfacher Demo-Text für die Print- und Schriftindustrie. Lorem Ipsum ist in der Industrie bereits der Standard Demo-Text seit 1500, als ein unbekannter Schriftsteller eine Hand voll Wörter nahm und diese durcheinander warf um ein Musterbuch zu erstellen. Es hat nicht nur 5 Jahrhunderte überlebt, sondern auch in Spruch in die elektronische Schriftbearbeitung geschafft (bemerke, nahezu unverändert). Bekannt wurde es 1960, mit dem erscheinen von \"Letraset\", welches Passagen von Lorem Ipsum enhielt, so wie Desktop Software wie \"Aldus PageMaker\" - ebenfalls mit Lorem Ipsum.',NULL,NULL),(133,3,27,'For product № 27  Lorem Ipsum, dizgi ve baskı endüstrisinde kullanılan mıgır metinlerdir. Lorem Ipsum, adı bilinmeyen bir matbaacının bir hurufat numune kitabı oluşturmak üzere bir yazı galerisini alarak karıştırdığı 1500\'lerden beri endüstri standardı sahte metinler olarak kullanılmıştır. Beşyüz yıl boyunca varlığını sürdürmekle kalmamış, aynı zamanda pek değişmeden elektronik dizgiye de sıçramıştır. 1960\'larda Lorem Ipsum pasajları da içeren Letraset yapraklarının yayınlanması ile ve yakın zamanda Aldus PageMaker gibi Lorem Ipsum sürümleri içeren masaüstü yayıncılık yazılımları ile popüler olmuştur.',NULL,NULL),(134,4,27,'For product № 27  Lorem Ipsum è un testo segnaposto utilizzato nel settore della tipografia e della stampa. Lorem Ipsum è considerato il testo segnaposto standard sin dal sedicesimo secolo, quando un anonimo tipografo prese una cassetta di caratteri e li assemblò per preparare un testo campione. È sopravvissuto non solo a più di cinque secoli, ma anche al passaggio alla videoimpaginazione, pervenendoci sostanzialmente inalterato. Fu reso popolare, negli anni ’60, con la diffusione dei fogli di caratteri trasferibili “Letraset”, che contenevano passaggi del Lorem Ipsum, e più recentemente da software di impaginazione come Aldus PageMaker, che includeva versioni del Lorem Ipsum.',NULL,NULL),(135,5,27,'For product № 27  هناك حقيقة مثبتة منذ زمن طويل وهي أن المحتوى المقروء لصفحة ما سيلهي القارئ عن التركيز على الشكل الخارجي للنص أو شكل توضع الفقرات في الصفحة التي يقرأها. ولذلك يتم استخدام طريقة لوريم إيبسوم لأنها تعطي توزيعاَ طبيعياَ -إلى حد ما- للأحرف عوضاً عن استخدام \"هنا يوجد محتوى نصي، هنا يوجد محتوى نصي\" فتجعلها تبدو (أي الأحرف) وكأنها نص مقروء. العديد من برامح النشر المكتبي وبرامح تحرير صفحات الويب تستخدم لوريم إيبسوم بشكل إفتراضي كنموذج عن النص، وإذا قمت بإدخال \"lorem ipsum\" في أي محرك بحث ستظهر العديد من المواقع الحديثة العهد في نتائج البحث. على مدى السنين ظهرت نسخ جديدة ومختلفة من نص لوريم إيبسوم، أحياناً عن طريق الصدفة، وأحياناً عن عمد كإدخال بعض العبارات الفكاهية إليها.',NULL,NULL),(136,1,28,'For product № 28  Lorem Ipsum is simply dummy text of the printing and typesetting industry. Lorem Ipsum has been the industry\'s standard dummy text ever since the 1500s, when an unknown printer took a galley of type and scrambled it to make a type specimen book. It has survived not only five centuries, but also the leap into electronic typesetting, remaining essentially unchanged. It was popularised in the 1960s with the release of Letraset sheets containing Lorem Ipsum passages, and more recently with desktop publishing software like Aldus PageMaker including versions of Lorem Ipsum.',NULL,NULL),(137,2,28,'For product № 28  Lorem Ipsum ist ein einfacher Demo-Text für die Print- und Schriftindustrie. Lorem Ipsum ist in der Industrie bereits der Standard Demo-Text seit 1500, als ein unbekannter Schriftsteller eine Hand voll Wörter nahm und diese durcheinander warf um ein Musterbuch zu erstellen. Es hat nicht nur 5 Jahrhunderte überlebt, sondern auch in Spruch in die elektronische Schriftbearbeitung geschafft (bemerke, nahezu unverändert). Bekannt wurde es 1960, mit dem erscheinen von \"Letraset\", welches Passagen von Lorem Ipsum enhielt, so wie Desktop Software wie \"Aldus PageMaker\" - ebenfalls mit Lorem Ipsum.',NULL,NULL),(138,3,28,'For product № 28  Lorem Ipsum, dizgi ve baskı endüstrisinde kullanılan mıgır metinlerdir. Lorem Ipsum, adı bilinmeyen bir matbaacının bir hurufat numune kitabı oluşturmak üzere bir yazı galerisini alarak karıştırdığı 1500\'lerden beri endüstri standardı sahte metinler olarak kullanılmıştır. Beşyüz yıl boyunca varlığını sürdürmekle kalmamış, aynı zamanda pek değişmeden elektronik dizgiye de sıçramıştır. 1960\'larda Lorem Ipsum pasajları da içeren Letraset yapraklarının yayınlanması ile ve yakın zamanda Aldus PageMaker gibi Lorem Ipsum sürümleri içeren masaüstü yayıncılık yazılımları ile popüler olmuştur.',NULL,NULL),(139,4,28,'For product № 28  Lorem Ipsum è un testo segnaposto utilizzato nel settore della tipografia e della stampa. Lorem Ipsum è considerato il testo segnaposto standard sin dal sedicesimo secolo, quando un anonimo tipografo prese una cassetta di caratteri e li assemblò per preparare un testo campione. È sopravvissuto non solo a più di cinque secoli, ma anche al passaggio alla videoimpaginazione, pervenendoci sostanzialmente inalterato. Fu reso popolare, negli anni ’60, con la diffusione dei fogli di caratteri trasferibili “Letraset”, che contenevano passaggi del Lorem Ipsum, e più recentemente da software di impaginazione come Aldus PageMaker, che includeva versioni del Lorem Ipsum.',NULL,NULL),(140,5,28,'For product № 28  هناك حقيقة مثبتة منذ زمن طويل وهي أن المحتوى المقروء لصفحة ما سيلهي القارئ عن التركيز على الشكل الخارجي للنص أو شكل توضع الفقرات في الصفحة التي يقرأها. ولذلك يتم استخدام طريقة لوريم إيبسوم لأنها تعطي توزيعاَ طبيعياَ -إلى حد ما- للأحرف عوضاً عن استخدام \"هنا يوجد محتوى نصي، هنا يوجد محتوى نصي\" فتجعلها تبدو (أي الأحرف) وكأنها نص مقروء. العديد من برامح النشر المكتبي وبرامح تحرير صفحات الويب تستخدم لوريم إيبسوم بشكل إفتراضي كنموذج عن النص، وإذا قمت بإدخال \"lorem ipsum\" في أي محرك بحث ستظهر العديد من المواقع الحديثة العهد في نتائج البحث. على مدى السنين ظهرت نسخ جديدة ومختلفة من نص لوريم إيبسوم، أحياناً عن طريق الصدفة، وأحياناً عن عمد كإدخال بعض العبارات الفكاهية إليها.',NULL,NULL);
/*!40000 ALTER TABLE `descriptions` ENABLE KEYS */;
UNLOCK TABLES;

--
-- Table structure for table `languages`
--

DROP TABLE IF EXISTS `languages`;
/*!40101 SET @saved_cs_client     = @@character_set_client */;
/*!40101 SET character_set_client = utf8 */;
CREATE TABLE `languages` (
  `id` int(10) unsigned NOT NULL AUTO_INCREMENT,
  `name` varchar(100) COLLATE utf8mb4_unicode_ci NOT NULL,
  `code` varchar(10) COLLATE utf8mb4_unicode_ci NOT NULL,
  `code_page` varchar(100) COLLATE utf8mb4_unicode_ci NOT NULL,
  `created_at` timestamp NULL DEFAULT NULL,
  `updated_at` timestamp NULL DEFAULT NULL,
  PRIMARY KEY (`id`)
) ENGINE=InnoDB AUTO_INCREMENT=6 DEFAULT CHARSET=utf8mb4 COLLATE=utf8mb4_unicode_ci;
/*!40101 SET character_set_client = @saved_cs_client */;

--
-- Dumping data for table `languages`
--

LOCK TABLES `languages` WRITE;
/*!40000 ALTER TABLE `languages` DISABLE KEYS */;
INSERT INTO `languages` VALUES (1,'English','en_GB','forEnglish',NULL,NULL),(2,'Germany','de_DE','forGermany',NULL,NULL),(3,'Turkey','tr_TR','forTurkey',NULL,NULL),(4,'Italy','it_IT','forItaly',NULL,NULL),(5,'نائب عينة','ar_TN','forArabian',NULL,NULL);
/*!40000 ALTER TABLE `languages` ENABLE KEYS */;
UNLOCK TABLES;

--
-- Table structure for table `lots`
--

DROP TABLE IF EXISTS `lots`;
/*!40101 SET @saved_cs_client     = @@character_set_client */;
/*!40101 SET character_set_client = utf8 */;
CREATE TABLE `lots` (
  `id` int(10) unsigned NOT NULL AUTO_INCREMENT,
  `product_id` int(10) unsigned NOT NULL,
  `delivery_id` int(10) unsigned NOT NULL,
  `tons` int(11) NOT NULL,
  `price` int(11) NOT NULL,
  `port` varchar(100) COLLATE utf8mb4_unicode_ci NOT NULL,
  `port_photo` varchar(100) COLLATE utf8mb4_unicode_ci NOT NULL,
  `created_at` timestamp NULL DEFAULT NULL,
  `updated_at` timestamp NULL DEFAULT NULL,
  PRIMARY KEY (`id`),
  KEY `lots_product_id_foreign` (`product_id`),
  KEY `lots_delivery_id_foreign` (`delivery_id`),
  CONSTRAINT `lots_delivery_id_foreign` FOREIGN KEY (`delivery_id`) REFERENCES `deliveries` (`id`),
  CONSTRAINT `lots_product_id_foreign` FOREIGN KEY (`product_id`) REFERENCES `products` (`id`)
) ENGINE=InnoDB AUTO_INCREMENT=104 DEFAULT CHARSET=utf8mb4 COLLATE=utf8mb4_unicode_ci;
/*!40101 SET character_set_client = @saved_cs_client */;

--
-- Dumping data for table `lots`
--

LOCK TABLES `lots` WRITE;
/*!40000 ALTER TABLE `lots` DISABLE KEYS */;
INSERT INTO `lots` VALUES (1,1,2,250,450,'Some porn № 8','images/port.jpg',NULL,NULL),(2,2,1,150,450,'Some porn № 7','images/port.jpg',NULL,NULL),(3,2,2,300,450,'Some porn № 12','images/port.jpg',NULL,NULL),(4,3,3,200,450,'Some porn № 14','images/port.jpg',NULL,NULL),(5,3,1,100,600,'Some porn № 14','images/port.jpg',NULL,NULL),(6,3,1,300,550,'Some porn № 18','images/port.jpg',NULL,NULL),(7,3,2,300,600,'Some porn № 21','images/port.jpg',NULL,NULL),(8,3,1,200,650,'Some porn № 20','images/port.jpg',NULL,NULL),(9,4,3,200,450,'Some porn № 16','images/port.jpg',NULL,NULL),(10,4,3,100,600,'Some porn № 18','images/port.jpg',NULL,NULL),(11,4,1,200,650,'Some porn № 20','images/port.jpg',NULL,NULL),(12,4,1,250,450,'Some porn № 18','images/port.jpg',NULL,NULL),(13,4,1,150,550,'Some porn № 19','images/port.jpg',NULL,NULL),(14,4,3,250,650,'Some porn № 26','images/port.jpg',NULL,NULL),(15,5,1,250,500,'Some porn № 17','images/port.jpg',NULL,NULL),(16,5,1,150,450,'Some porn № 15','images/port.jpg',NULL,NULL),(17,5,2,300,600,'Some porn № 23','images/port.jpg',NULL,NULL),(18,5,1,100,650,'Some porn № 20','images/port.jpg',NULL,NULL),(19,5,1,250,500,'Some porn № 21','images/port.jpg',NULL,NULL),(20,5,2,150,650,'Some porn № 24','images/port.jpg',NULL,NULL),(21,6,1,300,450,'Some porn № 14','images/port.jpg',NULL,NULL),(22,6,3,100,500,'Some porn № 14','images/port.jpg',NULL,NULL),(23,7,2,150,650,'Some porn № 17','images/port.jpg',NULL,NULL),(24,7,1,250,450,'Some porn № 15','images/port.jpg',NULL,NULL),(25,8,2,150,650,'Some porn № 21','images/port.jpg',NULL,NULL),(26,8,1,300,500,'Some porn № 21','images/port.jpg',NULL,NULL),(27,8,2,200,500,'Some porn № 21','images/port.jpg',NULL,NULL),(28,8,1,100,650,'Some porn № 22','images/port.jpg',NULL,NULL),(29,8,3,100,500,'Some porn № 22','images/port.jpg',NULL,NULL),(30,9,3,300,650,'Some porn № 27','images/port.jpg',NULL,NULL),(31,9,2,150,450,'Some porn № 20','images/port.jpg',NULL,NULL),(32,9,1,200,600,'Some porn № 24','images/port.jpg',NULL,NULL),(33,9,1,100,550,'Some porn № 22','images/port.jpg',NULL,NULL),(34,9,1,300,450,'Some porn № 25','images/port.jpg',NULL,NULL),(35,9,1,200,600,'Some porn № 27','images/port.jpg',NULL,NULL),(36,10,3,150,450,'Some porn № 21','images/port.jpg',NULL,NULL),(37,10,1,150,450,'Some porn № 20','images/port.jpg',NULL,NULL),(38,10,3,150,450,'Some porn № 23','images/port.jpg',NULL,NULL),(39,10,2,200,650,'Some porn № 28','images/port.jpg',NULL,NULL),(40,10,2,200,650,'Some porn № 29','images/port.jpg',NULL,NULL),(41,10,2,150,650,'Some porn № 29','images/port.jpg',NULL,NULL),(42,11,3,250,500,'Some porn № 24','images/port.jpg',NULL,NULL),(43,11,1,200,650,'Some porn № 25','images/port.jpg',NULL,NULL),(44,11,1,200,600,'Some porn № 25','images/port.jpg',NULL,NULL),(45,11,1,200,450,'Some porn № 23','images/port.jpg',NULL,NULL),(46,11,3,250,550,'Some porn № 29','images/port.jpg',NULL,NULL),(47,12,2,200,550,'Some porn № 20','images/port.jpg',NULL,NULL),(48,13,1,200,450,'Some porn № 21','images/port.jpg',NULL,NULL),(49,13,1,250,600,'Some porn № 26','images/port.jpg',NULL,NULL),(50,13,3,250,600,'Some porn № 29','images/port.jpg',NULL,NULL),(51,13,2,250,450,'Some porn № 26','images/port.jpg',NULL,NULL),(52,14,1,250,500,'Some porn № 23','images/port.jpg',NULL,NULL),(53,14,1,200,650,'Some porn № 26','images/port.jpg',NULL,NULL),(54,14,3,250,450,'Some porn № 26','images/port.jpg',NULL,NULL),(55,15,2,200,450,'Some porn № 23','images/port.jpg',NULL,NULL),(56,15,3,300,600,'Some porn № 30','images/port.jpg',NULL,NULL),(57,15,1,100,450,'Some porn № 22','images/port.jpg',NULL,NULL),(58,16,2,300,650,'Some porn № 28','images/port.jpg',NULL,NULL),(59,17,2,100,500,'Some porn № 23','images/port.jpg',NULL,NULL),(60,17,2,250,450,'Some porn № 26','images/port.jpg',NULL,NULL),(61,18,3,200,550,'Some porn № 28','images/port.jpg',NULL,NULL),(62,18,3,300,450,'Some porn № 29','images/port.jpg',NULL,NULL),(63,19,3,300,500,'Some porn № 30','images/port.jpg',NULL,NULL),(64,19,2,250,450,'Some porn № 28','images/port.jpg',NULL,NULL),(65,20,2,300,650,'Some porn № 37','images/port.jpg',NULL,NULL),(66,20,1,100,550,'Some porn № 31','images/port.jpg',NULL,NULL),(67,20,1,300,550,'Some porn № 36','images/port.jpg',NULL,NULL),(68,20,1,100,600,'Some porn № 34','images/port.jpg',NULL,NULL),(69,20,1,150,650,'Some porn № 37','images/port.jpg',NULL,NULL),(70,20,3,250,450,'Some porn № 38','images/port.jpg',NULL,NULL),(71,21,2,100,600,'Some porn № 33','images/port.jpg',NULL,NULL),(72,21,3,200,550,'Some porn № 36','images/port.jpg',NULL,NULL),(73,21,1,250,650,'Some porn № 38','images/port.jpg',NULL,NULL),(74,21,2,250,650,'Some porn № 40','images/port.jpg',NULL,NULL),(75,21,3,200,450,'Some porn № 37','images/port.jpg',NULL,NULL),(76,21,2,150,650,'Some porn № 40','images/port.jpg',NULL,NULL),(77,22,3,100,600,'Some porn № 33','images/port.jpg',NULL,NULL),(78,22,2,100,600,'Some porn № 33','images/port.jpg',NULL,NULL),(79,22,2,250,450,'Some porn № 34','images/port.jpg',NULL,NULL),(80,22,2,250,550,'Some porn № 37','images/port.jpg',NULL,NULL),(81,23,1,200,450,'Some porn № 31','images/port.jpg',NULL,NULL),(82,23,2,100,450,'Some porn № 31','images/port.jpg',NULL,NULL),(83,23,3,250,650,'Some porn № 40','images/port.jpg',NULL,NULL),(84,23,1,200,550,'Some porn № 36','images/port.jpg',NULL,NULL),(85,24,2,150,500,'Some porn № 34','images/port.jpg',NULL,NULL),(86,24,2,100,500,'Some porn № 34','images/port.jpg',NULL,NULL),(87,24,2,250,450,'Some porn № 37','images/port.jpg',NULL,NULL),(88,24,2,100,450,'Some porn № 35','images/port.jpg',NULL,NULL),(89,24,1,100,550,'Some porn № 37','images/port.jpg',NULL,NULL),(90,25,2,300,650,'Some porn № 40','images/port.jpg',NULL,NULL),(91,25,2,150,500,'Some porn № 35','images/port.jpg',NULL,NULL),(92,25,3,200,450,'Some porn № 37','images/port.jpg',NULL,NULL),(93,25,2,100,600,'Some porn № 38','images/port.jpg',NULL,NULL),(94,26,1,200,600,'Some porn № 38','images/port.jpg',NULL,NULL),(95,26,2,250,500,'Some porn № 39','images/port.jpg',NULL,NULL),(96,26,2,250,500,'Some porn № 40','images/port.jpg',NULL,NULL),(97,26,1,250,450,'Some porn № 39','images/port.jpg',NULL,NULL),(98,26,2,200,550,'Some porn № 42','images/port.jpg',NULL,NULL),(99,27,3,150,600,'Some porn № 36','images/port.jpg',NULL,NULL),(100,28,3,100,650,'Some porn № 40','images/port.jpg',NULL,NULL),(101,28,1,250,500,'Some porn № 39','images/port.jpg',NULL,NULL),(102,28,2,150,600,'Some porn № 41','images/port.jpg',NULL,NULL),(103,28,1,200,650,'Some porn № 43','images/port.jpg',NULL,NULL);
/*!40000 ALTER TABLE `lots` ENABLE KEYS */;
UNLOCK TABLES;

--
-- Table structure for table `migrations`
--

DROP TABLE IF EXISTS `migrations`;
/*!40101 SET @saved_cs_client     = @@character_set_client */;
/*!40101 SET character_set_client = utf8 */;
CREATE TABLE `migrations` (
  `id` int(10) unsigned NOT NULL AUTO_INCREMENT,
  `migration` varchar(255) COLLATE utf8mb4_unicode_ci NOT NULL,
  `batch` int(11) NOT NULL,
  PRIMARY KEY (`id`)
) ENGINE=InnoDB AUTO_INCREMENT=13 DEFAULT CHARSET=utf8mb4 COLLATE=utf8mb4_unicode_ci;
/*!40101 SET character_set_client = @saved_cs_client */;

--
-- Dumping data for table `migrations`
--

LOCK TABLES `migrations` WRITE;
/*!40000 ALTER TABLE `migrations` DISABLE KEYS */;
INSERT INTO `migrations` VALUES (1,'2014_10_12_000000_create_users_table',1),(2,'2014_10_12_100000_create_password_resets_table',1),(3,'2019_01_22_114624_create_delivery_table',1),(4,'2019_01_22_114643_create_category_table',1),(5,'2019_01_22_124444_create_product_table',1),(6,'2019_01_22_124536_create_lot_table',1),(7,'2019_01_22_124548_create_order_table',1),(8,'2019_01_22_124634_create_languages_table',1),(9,'2019_01_23_080526_create_descriptions_table',1),(10,'2019_01_23_080700_create_statuses_table',1),(11,'2019_01_23_080711_create_stages_table',1),(12,'2020_01_23_080853_create_foreign_key_relationships_table',1);
/*!40000 ALTER TABLE `migrations` ENABLE KEYS */;
UNLOCK TABLES;

--
-- Table structure for table `orders`
--

DROP TABLE IF EXISTS `orders`;
/*!40101 SET @saved_cs_client     = @@character_set_client */;
/*!40101 SET character_set_client = utf8 */;
CREATE TABLE `orders` (
  `id` int(10) unsigned NOT NULL AUTO_INCREMENT,
  `product_id` int(10) unsigned NOT NULL,
  `status_id` int(10) unsigned NOT NULL,
  `stage_id` int(10) unsigned NOT NULL,
  `delivery_id` int(10) unsigned NOT NULL,
  `manager` int(11) NOT NULL DEFAULT '0',
  `tons` int(11) NOT NULL,
  `price` int(11) NOT NULL,
  `port` varchar(100) COLLATE utf8mb4_unicode_ci NOT NULL,
  `first_name` varchar(100) COLLATE utf8mb4_unicode_ci NOT NULL,
  `last_name` varchar(100) COLLATE utf8mb4_unicode_ci NOT NULL,
  `email` varchar(100) COLLATE utf8mb4_unicode_ci NOT NULL,
  `linkedin` varchar(100) COLLATE utf8mb4_unicode_ci NOT NULL,
  `phone` varchar(100) COLLATE utf8mb4_unicode_ci NOT NULL,
  `company` varchar(100) COLLATE utf8mb4_unicode_ci NOT NULL,
  `exclusive` tinyint(1) NOT NULL,
  `isdeleted` tinyint(1) NOT NULL,
  `created_at` timestamp NULL DEFAULT NULL,
  `updated_at` timestamp NULL DEFAULT NULL,
  PRIMARY KEY (`id`),
  KEY `orders_product_id_foreign` (`product_id`),
  KEY `orders_delivery_id_foreign` (`delivery_id`),
  KEY `orders_status_id_foreign` (`status_id`),
  KEY `orders_stage_id_foreign` (`stage_id`),
  CONSTRAINT `orders_delivery_id_foreign` FOREIGN KEY (`delivery_id`) REFERENCES `deliveries` (`id`),
  CONSTRAINT `orders_product_id_foreign` FOREIGN KEY (`product_id`) REFERENCES `products` (`id`),
  CONSTRAINT `orders_stage_id_foreign` FOREIGN KEY (`stage_id`) REFERENCES `stages` (`id`),
  CONSTRAINT `orders_status_id_foreign` FOREIGN KEY (`status_id`) REFERENCES `statuses` (`id`)
) ENGINE=InnoDB DEFAULT CHARSET=utf8mb4 COLLATE=utf8mb4_unicode_ci;
/*!40101 SET character_set_client = @saved_cs_client */;

--
-- Dumping data for table `orders`
--

LOCK TABLES `orders` WRITE;
/*!40000 ALTER TABLE `orders` DISABLE KEYS */;
/*!40000 ALTER TABLE `orders` ENABLE KEYS */;
UNLOCK TABLES;

--
-- Table structure for table `password_resets`
--

DROP TABLE IF EXISTS `password_resets`;
/*!40101 SET @saved_cs_client     = @@character_set_client */;
/*!40101 SET character_set_client = utf8 */;
CREATE TABLE `password_resets` (
  `email` varchar(100) COLLATE utf8mb4_unicode_ci NOT NULL,
  `token` varchar(100) COLLATE utf8mb4_unicode_ci NOT NULL,
  `created_at` timestamp NULL DEFAULT NULL,
  KEY `password_resets_email_index` (`email`)
) ENGINE=InnoDB DEFAULT CHARSET=utf8mb4 COLLATE=utf8mb4_unicode_ci;
/*!40101 SET character_set_client = @saved_cs_client */;

--
-- Dumping data for table `password_resets`
--

LOCK TABLES `password_resets` WRITE;
/*!40000 ALTER TABLE `password_resets` DISABLE KEYS */;
/*!40000 ALTER TABLE `password_resets` ENABLE KEYS */;
UNLOCK TABLES;

--
-- Table structure for table `products`
--

DROP TABLE IF EXISTS `products`;
/*!40101 SET @saved_cs_client     = @@character_set_client */;
/*!40101 SET character_set_client = utf8 */;
CREATE TABLE `products` (
  `id` int(10) unsigned NOT NULL AUTO_INCREMENT,
  `name` varchar(100) COLLATE utf8mb4_unicode_ci NOT NULL,
  `photo` varchar(100) COLLATE utf8mb4_unicode_ci NOT NULL,
  `category_id` int(10) unsigned NOT NULL,
  `created_at` timestamp NULL DEFAULT NULL,
  `updated_at` timestamp NULL DEFAULT NULL,
  PRIMARY KEY (`id`),
  KEY `products_category_id_foreign` (`category_id`),
  CONSTRAINT `products_category_id_foreign` FOREIGN KEY (`category_id`) REFERENCES `categories` (`id`)
) ENGINE=InnoDB AUTO_INCREMENT=29 DEFAULT CHARSET=utf8mb4 COLLATE=utf8mb4_unicode_ci;
/*!40101 SET character_set_client = @saved_cs_client */;

--
-- Dumping data for table `products`
--

LOCK TABLES `products` WRITE;
/*!40000 ALTER TABLE `products` DISABLE KEYS */;
INSERT INTO `products` VALUES (1,'sorghum_№_1','images/products/sorghum.jpg',1,NULL,NULL),(2,'sorghum_№_2','images/products/sorghum.jpg',1,NULL,NULL),(3,'beans_№_1','images/products/beans.jpg',2,NULL,NULL),(4,'beans_№_2','images/products/beans.jpg',2,NULL,NULL),(5,'barley_№_1','images/products/barley.jpg',3,NULL,NULL),(6,'barley_№_2','images/products/barley.jpg',3,NULL,NULL),(7,'mustard_№_1','images/products/mustard.jpg',4,NULL,NULL),(8,'mustard_№_2','images/products/mustard.jpg',4,NULL,NULL),(9,'chickpea_№_1','images/products/chickpea.jpg',5,NULL,NULL),(10,'chickpea_№_2','images/products/chickpea.jpg',5,NULL,NULL),(11,'linen(grain)_№_1','images/products/linen.jpg',6,NULL,NULL),(12,'linen(grain)_№_2','images/products/linen.jpg',6,NULL,NULL),(13,'red&green lentils№1','images/products/redLentils.jpg',7,NULL,NULL),(14,'red&green lentils№2','images/products/redLentils.jpg',7,NULL,NULL),(15,'coriander_№_1','images/products/coriander.jpg',8,NULL,NULL),(16,'coriander_№_2','images/products/coriander.jpg',8,NULL,NULL),(17,'millet_№_1','images/products/millet.jpg',9,NULL,NULL),(18,'millet_№_2','images/products/millet.jpg',9,NULL,NULL),(19,'lupine_№_1','images/products/lupine.jpg',10,NULL,NULL),(20,'lupine_№_2','images/products/lupine.jpg',10,NULL,NULL),(21,'spelt_№_1','images/products/spelt.jpg',11,NULL,NULL),(22,'spelt_№_2','images/products/spelt.jpg',11,NULL,NULL),(23,'safflower_№_1','images/products/safflower.jpg',12,NULL,NULL),(24,'safflower_№_2','images/products/safflower.jpg',12,NULL,NULL),(25,'corn_№_1','images/products/corn.jpg',13,NULL,NULL),(26,'corn_№_2','images/products/corn.jpg',13,NULL,NULL),(27,'wheat common_№_1','images/products/wheat-common.jpg',14,NULL,NULL),(28,'wheat common_№_2','images/products/wheat-common.jpg',14,NULL,NULL);
/*!40000 ALTER TABLE `products` ENABLE KEYS */;
UNLOCK TABLES;

--
-- Table structure for table `stages`
--

DROP TABLE IF EXISTS `stages`;
/*!40101 SET @saved_cs_client     = @@character_set_client */;
/*!40101 SET character_set_client = utf8 */;
CREATE TABLE `stages` (
  `id` int(10) unsigned NOT NULL AUTO_INCREMENT,
  `stage` varchar(100) COLLATE utf8mb4_unicode_ci NOT NULL,
  `created_at` timestamp NULL DEFAULT NULL,
  `updated_at` timestamp NULL DEFAULT NULL,
  PRIMARY KEY (`id`)
) ENGINE=InnoDB AUTO_INCREMENT=3 DEFAULT CHARSET=utf8mb4 COLLATE=utf8mb4_unicode_ci;
/*!40101 SET character_set_client = @saved_cs_client */;

--
-- Dumping data for table `stages`
--

LOCK TABLES `stages` WRITE;
/*!40000 ALTER TABLE `stages` DISABLE KEYS */;
INSERT INTO `stages` VALUES (1,'first_stage',NULL,NULL),(2,'second_stage',NULL,NULL);
/*!40000 ALTER TABLE `stages` ENABLE KEYS */;
UNLOCK TABLES;

--
-- Table structure for table `statuses`
--

DROP TABLE IF EXISTS `statuses`;
/*!40101 SET @saved_cs_client     = @@character_set_client */;
/*!40101 SET character_set_client = utf8 */;
CREATE TABLE `statuses` (
  `id` int(10) unsigned NOT NULL AUTO_INCREMENT,
  `status` varchar(100) COLLATE utf8mb4_unicode_ci NOT NULL,
  `created_at` timestamp NULL DEFAULT NULL,
  `updated_at` timestamp NULL DEFAULT NULL,
  PRIMARY KEY (`id`)
) ENGINE=InnoDB AUTO_INCREMENT=7 DEFAULT CHARSET=utf8mb4 COLLATE=utf8mb4_unicode_ci;
/*!40101 SET character_set_client = @saved_cs_client */;

--
-- Dumping data for table `statuses`
--

LOCK TABLES `statuses` WRITE;
/*!40000 ALTER TABLE `statuses` DISABLE KEYS */;
INSERT INTO `statuses` VALUES (1,'processing',NULL,NULL),(2,'awaiting payment',NULL,NULL),(3,'execution',NULL,NULL),(4,'send',NULL,NULL),(5,'finish',NULL,NULL),(6,'rejected',NULL,NULL);
/*!40000 ALTER TABLE `statuses` ENABLE KEYS */;
UNLOCK TABLES;

--
-- Table structure for table `users`
--

DROP TABLE IF EXISTS `users`;
/*!40101 SET @saved_cs_client     = @@character_set_client */;
/*!40101 SET character_set_client = utf8 */;
CREATE TABLE `users` (
  `id` int(10) unsigned NOT NULL AUTO_INCREMENT,
  `name` varchar(100) COLLATE utf8mb4_unicode_ci NOT NULL,
  `email` varchar(100) COLLATE utf8mb4_unicode_ci NOT NULL,
  `email_verified_at` timestamp NULL DEFAULT NULL,
  `password` varchar(100) COLLATE utf8mb4_unicode_ci NOT NULL,
  `remember_token` varchar(100) COLLATE utf8mb4_unicode_ci DEFAULT NULL,
  `created_at` timestamp NULL DEFAULT NULL,
  `updated_at` timestamp NULL DEFAULT NULL,
  PRIMARY KEY (`id`),
  UNIQUE KEY `users_email_unique` (`email`)
) ENGINE=InnoDB DEFAULT CHARSET=utf8mb4 COLLATE=utf8mb4_unicode_ci;
/*!40101 SET character_set_client = @saved_cs_client */;

--
-- Dumping data for table `users`
--

LOCK TABLES `users` WRITE;
/*!40000 ALTER TABLE `users` DISABLE KEYS */;
/*!40000 ALTER TABLE `users` ENABLE KEYS */;
UNLOCK TABLES;
/*!40103 SET TIME_ZONE=@OLD_TIME_ZONE */;

/*!40101 SET SQL_MODE=@OLD_SQL_MODE */;
/*!40014 SET FOREIGN_KEY_CHECKS=@OLD_FOREIGN_KEY_CHECKS */;
/*!40014 SET UNIQUE_CHECKS=@OLD_UNIQUE_CHECKS */;
/*!40101 SET CHARACTER_SET_CLIENT=@OLD_CHARACTER_SET_CLIENT */;
/*!40101 SET CHARACTER_SET_RESULTS=@OLD_CHARACTER_SET_RESULTS */;
/*!40101 SET COLLATION_CONNECTION=@OLD_COLLATION_CONNECTION */;
/*!40111 SET SQL_NOTES=@OLD_SQL_NOTES */;

-- Dump completed on 2019-01-25 12:09:15
